{
    "version": "0.4",
    "title": "Contact 1",
    "type": "page",
    "metadata": {
        "template_type": "single-page",
        "include_in_zip": "1",
        "wp_page_template": "elementor_canvas"
    },
    "content": [
        {
            "id": "78262d2e",
            "settings": {
                "height": "min-height",
                "background_background": "classic",
                "background_color": "#E9F4F5",
                "background_image": {
                    "url": "https:\/\/kit.themevan.com\/medisale\/wp-content\/uploads\/sites\/2\/2020\/02\/contact.jpg",
                    "id": 625
                },
                "background_position": "center center",
                "background_attachment": "fixed",
                "background_repeat": "no-repeat",
                "background_size": "cover",
                "structure": "30",
                "background_overlay_background": "classic",
                "background_overlay_color": "#E9F4F5",
                "custom_height_tablet": {
                    "unit": "px",
                    "size": 376,
                    "sizes": []
                },
                "background_overlay_opacity": {
                    "unit": "px",
                    "size": 0.89,
                    "sizes": []
                }
            },
            "elements": [
                {
                    "id": "64447fd4",
                    "settings": {
                        "_column_size": 33,
                        "_inline_size": 16.337
                    },
                    "elements": [],
                    "isInner": false,
                    "elType": "column"
                },
                {
                    "id": "491996e5",
                    "settings": {
                        "_column_size": 33,
                        "_inline_size": 64.851
                    },
                    "elements": [
                        {
                            "id": "282da55f",
                            "settings": {
                                "style": "slashes",
                                "width": {
                                    "unit": "%",
                                    "size": 20,
                                    "sizes": []
                                },
                                "text": "Divider",
                                "_animation": "fadeInDown",
                                "_animation_delay": 200,
                                "align": "center"
                            },
                            "elements": [],
                            "isInner": false,
                            "widgetType": "divider",
                            "elType": "widget"
                        },
                        {
                            "id": "4bdf94f3",
                            "settings": {
                                "title": "Contact",
                                "header_size": "h1",
                                "align": "center",
                                "title_color": "#000000",
                                "typography_typography": "custom",
                                "typography_font_family": "Work Sans",
                                "typography_font_size": {
                                    "unit": "em",
                                    "size": 3.5,
                                    "sizes": []
                                },
                                "typography_font_weight": "600",
                                "typography_line_height": {
                                    "unit": "em",
                                    "size": 1.2,
                                    "sizes": []
                                },
                                "typography_letter_spacing": {
                                    "unit": "px",
                                    "size": -2,
                                    "sizes": []
                                },
                                "_margin": {
                                    "unit": "px",
                                    "top": "-20",
                                    "right": "0",
                                    "bottom": "-15",
                                    "left": "0",
                                    "isLinked": false
                                },
                                "typography_font_size_mobile": {
                                    "unit": "em",
                                    "size": "",
                                    "sizes": []
                                },
                                "_animation": "fadeInUp",
                                "_animation_delay": 300,
                                "typography_text_transform": "capitalize",
                                "typography_font_style": "normal",
                                "typography_text_decoration": "none"
                            },
                            "elements": [],
                            "isInner": false,
                            "widgetType": "heading",
                            "elType": "widget"
                        },
                        {
                            "id": "49b94b9d",
                            "settings": {
                                "title": "Everything Start From A Hello!",
                                "align": "center",
                                "title_color": "#000000",
                                "typography_typography": "custom",
                                "typography_font_family": "Work Sans",
                                "typography_font_size": {
                                    "unit": "em",
                                    "size": 1.2,
                                    "sizes": []
                                },
                                "typography_font_weight": "500",
                                "typography_line_height": {
                                    "unit": "em",
                                    "size": 1.2,
                                    "sizes": []
                                },
                                "typography_font_size_mobile": {
                                    "unit": "em",
                                    "size": 1,
                                    "sizes": []
                                },
                                "typography_line_height_mobile": {
                                    "unit": "em",
                                    "size": 1.5,
                                    "sizes": []
                                },
                                "_animation": "fadeInUp",
                                "_animation_delay": 500,
                                "typography_letter_spacing": {
                                    "unit": "px",
                                    "size": 0,
                                    "sizes": []
                                },
                                "typography_text_transform": "capitalize",
                                "typography_font_style": "normal",
                                "typography_text_decoration": "none"
                            },
                            "elements": [],
                            "isInner": false,
                            "widgetType": "heading",
                            "elType": "widget"
                        },
                        {
                            "id": "1ae4851b",
                            "settings": {
                                "text_color": "#333333",
                                "typography_typography": "custom",
                                "typography_font_family": "Muli",
                                "typography_font_size": {
                                    "unit": "px",
                                    "size": 14,
                                    "sizes": []
                                },
                                "typography_font_weight": "400",
                                "typography_line_height": {
                                    "unit": "em",
                                    "size": 1.5,
                                    "sizes": []
                                },
                                "_margin": {
                                    "unit": "%",
                                    "top": "0",
                                    "right": "10",
                                    "bottom": "5",
                                    "left": "10",
                                    "isLinked": false
                                },
                                "_animation": "fadeInUp",
                                "_animation_delay": 700,
                                "align": "center",
                                "_margin_mobile": {
                                    "unit": "px",
                                    "top": "0",
                                    "right": "0",
                                    "bottom": "0",
                                    "left": "0",
                                    "isLinked": false
                                },
                                "_margin_tablet": {
                                    "unit": "px",
                                    "top": "0",
                                    "right": "0",
                                    "bottom": "50",
                                    "left": "0",
                                    "isLinked": false
                                },
                                "typography_text_transform": "none",
                                "typography_font_style": "normal",
                                "typography_text_decoration": "none",
                                "typography_letter_spacing": {
                                    "unit": "px",
                                    "size": 0,
                                    "sizes": []
                                }
                            },
                            "elements": [],
                            "isInner": false,
                            "widgetType": "text-editor",
                            "elType": "widget"
                        }
                    ],
                    "isInner": false,
                    "elType": "column"
                },
                {
                    "id": "7aa534b6",
                    "settings": {
                        "_column_size": 33,
                        "_inline_size": 18.476
                    },
                    "elements": [],
                    "isInner": false,
                    "elType": "column"
                }
            ],
            "isInner": false,
            "elType": "section"
        },
        {
            "id": "3b3a15f2",
            "settings": {
                "structure": "30",
                "margin": {
                    "unit": "px",
                    "top": "-70",
                    "right": 0,
                    "bottom": "0",
                    "left": 0,
                    "isLinked": false
                },
                "padding": {
                    "unit": "px",
                    "top": "0",
                    "right": "0",
                    "bottom": "50",
                    "left": "0",
                    "isLinked": false
                }
            },
            "elements": [
                {
                    "id": "2d0d9daa",
                    "settings": {
                        "_column_size": 33,
                        "_inline_size": 10,
                        "_inline_size_tablet": 5,
                        "hide_mobile": "hidden-phone"
                    },
                    "elements": [],
                    "isInner": false,
                    "elType": "column"
                },
                {
                    "id": "6a7e0bd2",
                    "settings": {
                        "_column_size": 33,
                        "_inline_size": 79.664,
                        "_inline_size_tablet": 90
                    },
                    "elements": [
                        {
                            "id": "5172f6e6",
                            "settings": {
                                "address": "London Eye, London, United Kingdom",
                                "css_filters_brightness": {
                                    "unit": "px",
                                    "size": 105,
                                    "sizes": []
                                },
                                "css_filters_contrast": {
                                    "unit": "px",
                                    "size": 101,
                                    "sizes": []
                                },
                                "css_filters_saturate": {
                                    "unit": "px",
                                    "size": 77,
                                    "sizes": []
                                },
                                "_animation": "fadeIn",
                                "animation_duration": "slow",
                                "_animation_delay": 1200
                            },
                            "elements": [],
                            "isInner": false,
                            "widgetType": "google_maps",
                            "elType": "widget"
                        },
                        {
                            "id": "3654ecb4",
                            "settings": {
                                "gap": "wider",
                                "structure": "30",
                                "padding": {
                                    "unit": "px",
                                    "top": "0",
                                    "right": "30",
                                    "bottom": "0",
                                    "left": "30",
                                    "isLinked": false
                                },
                                "padding_tablet": {
                                    "unit": "px",
                                    "top": "0",
                                    "right": "0",
                                    "bottom": "0",
                                    "left": "0",
                                    "isLinked": false
                                }
                            },
                            "elements": [
                                {
                                    "id": "db2edaa",
                                    "settings": {
                                        "_column_size": 33,
                                        "_inline_size": null
                                    },
                                    "elements": [
                                        {
                                            "id": "686acc33",
                                            "settings": {
                                                "selected_icon": {
                                                    "value": "fas fa-map-marker-alt",
                                                    "library": "fa-solid"
                                                },
                                                "title_text": "Billing Department",
                                                "description_text": "1204 Room, X Center. NO.9, ABC Street.",
                                                "primary_color": "#000000",
                                                "icon_size": {
                                                    "unit": "px",
                                                    "size": 34,
                                                    "sizes": []
                                                },
                                                "border_radius": {
                                                    "unit": "px",
                                                    "size": "",
                                                    "sizes": []
                                                },
                                                "text_align": "left",
                                                "title_bottom_space": {
                                                    "unit": "px",
                                                    "size": 10,
                                                    "sizes": []
                                                },
                                                "title_color": "#000000",
                                                "title_typography_typography": "custom",
                                                "title_typography_font_family": "Work Sans",
                                                "title_typography_font_size": {
                                                    "unit": "px",
                                                    "size": 16,
                                                    "sizes": []
                                                },
                                                "title_typography_line_height": {
                                                    "unit": "em",
                                                    "size": 1.4,
                                                    "sizes": []
                                                },
                                                "description_color": "#7A7A7A",
                                                "description_typography_typography": "custom",
                                                "description_typography_font_family": "Muli",
                                                "description_typography_font_size": {
                                                    "unit": "px",
                                                    "size": 14,
                                                    "sizes": []
                                                },
                                                "description_typography_line_height": {
                                                    "unit": "em",
                                                    "size": 1.6,
                                                    "sizes": []
                                                },
                                                "_animation": "fadeInDown",
                                                "_animation_delay": 200,
                                                "title_typography_font_weight": "500",
                                                "title_typography_text_transform": "capitalize",
                                                "title_typography_font_style": "normal",
                                                "title_typography_text_decoration": "none",
                                                "title_typography_letter_spacing": {
                                                    "unit": "px",
                                                    "size": 0,
                                                    "sizes": []
                                                },
                                                "description_typography_font_weight": "400",
                                                "description_typography_text_transform": "none",
                                                "description_typography_font_style": "normal",
                                                "description_typography_text_decoration": "none",
                                                "description_typography_letter_spacing": {
                                                    "unit": "px",
                                                    "size": 0,
                                                    "sizes": []
                                                }
                                            },
                                            "elements": [],
                                            "isInner": false,
                                            "widgetType": "icon-box",
                                            "elType": "widget"
                                        },
                                        {
                                            "id": "48eec0da",
                                            "settings": {
                                                "icon_list": [
                                                    {
                                                        "text": "abc@domain.com",
                                                        "selected_icon": {
                                                            "value": "far fa-envelope",
                                                            "library": "fa-regular"
                                                        },
                                                        "_id": "31f9c73",
                                                        "link": {
                                                            "url": "",
                                                            "is_external": "",
                                                            "nofollow": "",
                                                            "custom_attributes": ""
                                                        }
                                                    },
                                                    {
                                                        "text": "+1 234 456 56",
                                                        "selected_icon": {
                                                            "value": "fas fa-phone-volume",
                                                            "library": "fa-solid"
                                                        },
                                                        "_id": "a2a9d8c",
                                                        "link": {
                                                            "url": "",
                                                            "is_external": "",
                                                            "nofollow": "",
                                                            "custom_attributes": ""
                                                        }
                                                    }
                                                ],
                                                "space_between": {
                                                    "unit": "px",
                                                    "size": 6,
                                                    "sizes": []
                                                },
                                                "icon_size": {
                                                    "unit": "px",
                                                    "size": "",
                                                    "sizes": []
                                                },
                                                "icon_typography_typography": "custom",
                                                "icon_typography_font_family": "Muli",
                                                "icon_typography_font_size": {
                                                    "unit": "px",
                                                    "size": 13,
                                                    "sizes": []
                                                },
                                                "_animation": "fadeInDown",
                                                "_animation_delay": 200,
                                                "text_color": "#000000",
                                                "icon_typography_font_weight": "400",
                                                "icon_typography_text_transform": "none",
                                                "icon_typography_font_style": "normal",
                                                "icon_typography_text_decoration": "none",
                                                "icon_typography_line_height": {
                                                    "unit": "em",
                                                    "size": 1.5,
                                                    "sizes": []
                                                },
                                                "icon_typography_letter_spacing": {
                                                    "unit": "px",
                                                    "size": 0,
                                                    "sizes": []
                                                }
                                            },
                                            "elements": [],
                                            "isInner": false,
                                            "widgetType": "icon-list",
                                            "elType": "widget"
                                        }
                                    ],
                                    "isInner": true,
                                    "elType": "column"
                                },
                                {
                                    "id": "f9bdf92",
                                    "settings": {
                                        "_column_size": 33,
                                        "_inline_size": null
                                    },
                                    "elements": [
                                        {
                                            "id": "3c69e630",
                                            "settings": {
                                                "selected_icon": {
                                                    "value": "far fa-life-ring",
                                                    "library": "fa-regular"
                                                },
                                                "title_text": "Support Center",
                                                "description_text": "1204 Room, X Center. NO.9, ABC Street.",
                                                "primary_color": "#000000",
                                                "icon_size": {
                                                    "unit": "px",
                                                    "size": 34,
                                                    "sizes": []
                                                },
                                                "border_radius": {
                                                    "unit": "px",
                                                    "size": "",
                                                    "sizes": []
                                                },
                                                "text_align": "left",
                                                "title_bottom_space": {
                                                    "unit": "px",
                                                    "size": 10,
                                                    "sizes": []
                                                },
                                                "title_color": "#000000",
                                                "title_typography_typography": "custom",
                                                "title_typography_font_family": "Work Sans",
                                                "title_typography_font_size": {
                                                    "unit": "px",
                                                    "size": 16,
                                                    "sizes": []
                                                },
                                                "title_typography_line_height": {
                                                    "unit": "em",
                                                    "size": 1.4,
                                                    "sizes": []
                                                },
                                                "description_color": "#7A7A7A",
                                                "description_typography_typography": "custom",
                                                "description_typography_font_family": "Muli",
                                                "description_typography_font_size": {
                                                    "unit": "px",
                                                    "size": 14,
                                                    "sizes": []
                                                },
                                                "description_typography_line_height": {
                                                    "unit": "em",
                                                    "size": 1.6,
                                                    "sizes": []
                                                },
                                                "_animation": "fadeInDown",
                                                "_animation_delay": 200,
                                                "title_typography_font_weight": "500",
                                                "title_typography_text_transform": "capitalize",
                                                "title_typography_font_style": "normal",
                                                "title_typography_text_decoration": "none",
                                                "title_typography_letter_spacing": {
                                                    "unit": "px",
                                                    "size": 0,
                                                    "sizes": []
                                                },
                                                "description_typography_font_weight": "400",
                                                "description_typography_text_transform": "none",
                                                "description_typography_font_style": "normal",
                                                "description_typography_text_decoration": "none",
                                                "description_typography_letter_spacing": {
                                                    "unit": "px",
                                                    "size": 0,
                                                    "sizes": []
                                                }
                                            },
                                            "elements": [],
                                            "isInner": false,
                                            "widgetType": "icon-box",
                                            "elType": "widget"
                                        },
                                        {
                                            "id": "46d3a1eb",
                                            "settings": {
                                                "icon_list": [
                                                    {
                                                        "text": "abc@domain.com",
                                                        "selected_icon": {
                                                            "value": "far fa-envelope",
                                                            "library": "fa-regular"
                                                        },
                                                        "_id": "31f9c73",
                                                        "link": {
                                                            "url": "",
                                                            "is_external": "",
                                                            "nofollow": "",
                                                            "custom_attributes": ""
                                                        }
                                                    },
                                                    {
                                                        "text": "+1 234 456 56",
                                                        "selected_icon": {
                                                            "value": "fas fa-phone-volume",
                                                            "library": "fa-solid"
                                                        },
                                                        "_id": "a2a9d8c",
                                                        "link": {
                                                            "url": "",
                                                            "is_external": "",
                                                            "nofollow": "",
                                                            "custom_attributes": ""
                                                        }
                                                    }
                                                ],
                                                "space_between": {
                                                    "unit": "px",
                                                    "size": 6,
                                                    "sizes": []
                                                },
                                                "icon_size": {
                                                    "unit": "px",
                                                    "size": "",
                                                    "sizes": []
                                                },
                                                "icon_typography_typography": "custom",
                                                "icon_typography_font_family": "Muli",
                                                "icon_typography_font_size": {
                                                    "unit": "px",
                                                    "size": 13,
                                                    "sizes": []
                                                },
                                                "_animation": "fadeInDown",
                                                "_animation_delay": 200,
                                                "text_color": "#000000",
                                                "icon_typography_font_weight": "400",
                                                "icon_typography_text_transform": "none",
                                                "icon_typography_font_style": "normal",
                                                "icon_typography_text_decoration": "none",
                                                "icon_typography_line_height": {
                                                    "unit": "em",
                                                    "size": 1.5,
                                                    "sizes": []
                                                },
                                                "icon_typography_letter_spacing": {
                                                    "unit": "px",
                                                    "size": 0,
                                                    "sizes": []
                                                }
                                            },
                                            "elements": [],
                                            "isInner": false,
                                            "widgetType": "icon-list",
                                            "elType": "widget"
                                        },
                                        {
                                            "id": "7b8408cd",
                                            "settings": {
                                                "text": "Open A Ticket",
                                                "size": "xs",
                                                "border_radius": {
                                                    "unit": "px",
                                                    "top": "50",
                                                    "right": "50",
                                                    "bottom": "50",
                                                    "left": "50",
                                                    "isLinked": true
                                                },
                                                "typography_typography": "custom",
                                                "typography_font_family": "Work Sans",
                                                "typography_font_size": {
                                                    "unit": "px",
                                                    "size": 14,
                                                    "sizes": []
                                                },
                                                "typography_font_weight": "600",
                                                "background_color": "rgba(255, 255, 255, 0)",
                                                "hover_animation": "shrink",
                                                "typography_line_height": {
                                                    "unit": "em",
                                                    "size": 1.5,
                                                    "sizes": []
                                                },
                                                "button_text_color": "#1BC8B1",
                                                "hover_color": "#FFFFFF",
                                                "button_background_hover_color": "#1BC8B1",
                                                "border_border": "solid",
                                                "border_width": {
                                                    "unit": "px",
                                                    "top": "1",
                                                    "right": "1",
                                                    "bottom": "1",
                                                    "left": "1",
                                                    "isLinked": true
                                                },
                                                "border_color": "#1BC8B1",
                                                "text_padding": {
                                                    "unit": "px",
                                                    "top": "7",
                                                    "right": "15",
                                                    "bottom": "7",
                                                    "left": "15",
                                                    "isLinked": false
                                                },
                                                "_margin": {
                                                    "unit": "px",
                                                    "top": "10",
                                                    "right": "0",
                                                    "bottom": "0",
                                                    "left": "0",
                                                    "isLinked": false
                                                },
                                                "_animation": "fadeInDown",
                                                "_animation_delay": 300,
                                                "typography_text_transform": "capitalize",
                                                "typography_font_style": "normal",
                                                "typography_text_decoration": "none",
                                                "typography_letter_spacing": {
                                                    "unit": "px",
                                                    "size": 0,
                                                    "sizes": []
                                                }
                                            },
                                            "elements": [],
                                            "isInner": false,
                                            "widgetType": "button",
                                            "elType": "widget"
                                        }
                                    ],
                                    "isInner": true,
                                    "elType": "column"
                                },
                                {
                                    "id": "641dc04e",
                                    "settings": {
                                        "_column_size": 33,
                                        "_inline_size": null
                                    },
                                    "elements": [
                                        {
                                            "id": "23fbc4f4",
                                            "settings": {
                                                "selected_icon": {
                                                    "value": "fas fa-shipping-fast",
                                                    "library": "fa-solid"
                                                },
                                                "title_text": "Shipping Center",
                                                "description_text": "1204 Room, X Center. NO.9, ABC Street.",
                                                "primary_color": "#000000",
                                                "icon_size": {
                                                    "unit": "px",
                                                    "size": 34,
                                                    "sizes": []
                                                },
                                                "border_radius": {
                                                    "unit": "px",
                                                    "size": "",
                                                    "sizes": []
                                                },
                                                "text_align": "left",
                                                "title_bottom_space": {
                                                    "unit": "px",
                                                    "size": 10,
                                                    "sizes": []
                                                },
                                                "title_color": "#000000",
                                                "title_typography_typography": "custom",
                                                "title_typography_font_family": "Work Sans",
                                                "title_typography_font_size": {
                                                    "unit": "px",
                                                    "size": 16,
                                                    "sizes": []
                                                },
                                                "title_typography_line_height": {
                                                    "unit": "em",
                                                    "size": 1.4,
                                                    "sizes": []
                                                },
                                                "description_color": "#7A7A7A",
                                                "description_typography_typography": "custom",
                                                "description_typography_font_family": "Muli",
                                                "description_typography_font_size": {
                                                    "unit": "px",
                                                    "size": 14,
                                                    "sizes": []
                                                },
                                                "description_typography_line_height": {
                                                    "unit": "em",
                                                    "size": 1.6,
                                                    "sizes": []
                                                },
                                                "_animation": "fadeInDown",
                                                "_animation_delay": 200,
                                                "title_typography_font_weight": "500",
                                                "title_typography_text_transform": "capitalize",
                                                "title_typography_font_style": "normal",
                                                "title_typography_text_decoration": "none",
                                                "title_typography_letter_spacing": {
                                                    "unit": "px",
                                                    "size": 0,
                                                    "sizes": []
                                                },
                                                "description_typography_font_weight": "400",
                                                "description_typography_text_transform": "none",
                                                "description_typography_font_style": "normal",
                                                "description_typography_text_decoration": "none",
                                                "description_typography_letter_spacing": {
                                                    "unit": "px",
                                                    "size": 0,
                                                    "sizes": []
                                                }
                                            },
                                            "elements": [],
                                            "isInner": false,
                                            "widgetType": "icon-box",
                                            "elType": "widget"
                                        },
                                        {
                                            "id": "140e4d6f",
                                            "settings": {
                                                "icon_list": [
                                                    {
                                                        "text": "abc@domain.com",
                                                        "selected_icon": {
                                                            "value": "far fa-envelope",
                                                            "library": "fa-regular"
                                                        },
                                                        "_id": "31f9c73",
                                                        "link": {
                                                            "url": "",
                                                            "is_external": "",
                                                            "nofollow": "",
                                                            "custom_attributes": ""
                                                        }
                                                    },
                                                    {
                                                        "text": "+1 234 456 56",
                                                        "selected_icon": {
                                                            "value": "fas fa-phone-volume",
                                                            "library": "fa-solid"
                                                        },
                                                        "_id": "a2a9d8c",
                                                        "link": {
                                                            "url": "",
                                                            "is_external": "",
                                                            "nofollow": "",
                                                            "custom_attributes": ""
                                                        }
                                                    }
                                                ],
                                                "space_between": {
                                                    "unit": "px",
                                                    "size": 6,
                                                    "sizes": []
                                                },
                                                "icon_size": {
                                                    "unit": "px",
                                                    "size": "",
                                                    "sizes": []
                                                },
                                                "icon_typography_typography": "custom",
                                                "icon_typography_font_family": "Muli",
                                                "icon_typography_font_size": {
                                                    "unit": "px",
                                                    "size": 13,
                                                    "sizes": []
                                                },
                                                "_animation": "fadeInDown",
                                                "_animation_delay": 200,
                                                "text_color": "#000000",
                                                "icon_typography_font_weight": "400",
                                                "icon_typography_text_transform": "none",
                                                "icon_typography_font_style": "normal",
                                                "icon_typography_text_decoration": "none",
                                                "icon_typography_line_height": {
                                                    "unit": "em",
                                                    "size": 1.5,
                                                    "sizes": []
                                                },
                                                "icon_typography_letter_spacing": {
                                                    "unit": "px",
                                                    "size": 0,
                                                    "sizes": []
                                                }
                                            },
                                            "elements": [],
                                            "isInner": false,
                                            "widgetType": "icon-list",
                                            "elType": "widget"
                                        }
                                    ],
                                    "isInner": true,
                                    "elType": "column"
                                }
                            ],
                            "isInner": true,
                            "elType": "section"
                        }
                    ],
                    "isInner": false,
                    "elType": "column"
                },
                {
                    "id": "71220e77",
                    "settings": {
                        "_column_size": 33,
                        "_inline_size": 10,
                        "_inline_size_tablet": 5,
                        "hide_mobile": "hidden-phone"
                    },
                    "elements": [],
                    "isInner": false,
                    "elType": "column"
                }
            ],
            "isInner": false,
            "elType": "section"
        }
    ]
}