{
    "version": "0.4",
    "title": "Contact 2 Pro",
    "type": "page",
    "metadata": {
        "template_type": "single-page",
        "include_in_zip": "1",
        "elementor_pro_required": "1",
        "wp_page_template": "elementor_canvas"
    },
    "content": [
        {
            "id": "5d15d88d",
            "settings": {
                "height": "min-height",
                "background_background": "classic",
                "background_color": "#EDF9F7",
                "background_image": {
                    "url": "https:\/\/kit.themevan.com\/medisale\/wp-content\/uploads\/sites\/2\/2020\/02\/doctor-leading-a-medical-team-73GR6D5.jpg",
                    "id": 712
                },
                "background_position": "center center",
                "background_attachment": "fixed",
                "background_repeat": "no-repeat",
                "background_size": "cover",
                "background_overlay_background": "classic",
                "background_overlay_color": "#EDF9F7",
                "background_overlay_opacity": {
                    "unit": "px",
                    "size": 0.88,
                    "sizes": []
                },
                "gap": "wider",
                "custom_height": {
                    "unit": "px",
                    "size": 500,
                    "sizes": []
                },
                "custom_height_mobile": {
                    "unit": "px",
                    "size": 638,
                    "sizes": []
                },
                "column_position": "stretch",
                "content_position": "middle",
                "structure": "20"
            },
            "elements": [
                {
                    "id": "53e9a4d8",
                    "settings": {
                        "_column_size": 50,
                        "_inline_size": 36.634,
                        "_inline_size_tablet": 32,
                        "background_position": "center left",
                        "background_attachment": "scroll",
                        "background_repeat": "no-repeat",
                        "background_size": "cover",
                        "margin": {
                            "unit": "px",
                            "top": "0",
                            "right": "0",
                            "bottom": "0",
                            "left": "0",
                            "isLinked": false
                        }
                    },
                    "elements": [
                        {
                            "id": "3fc85ae6",
                            "settings": {
                                "style": "slashes",
                                "width": {
                                    "unit": "%",
                                    "size": 20,
                                    "sizes": []
                                },
                                "text": "Divider",
                                "_animation": "fadeInDown",
                                "_animation_delay": 200,
                                "width_tablet": {
                                    "unit": "%",
                                    "size": 35,
                                    "sizes": []
                                }
                            },
                            "elements": [],
                            "isInner": false,
                            "widgetType": "divider",
                            "elType": "widget"
                        },
                        {
                            "id": "42281e9",
                            "settings": {
                                "title": "Contact Us",
                                "align": "left",
                                "title_color": "#000000",
                                "typography_typography": "custom",
                                "typography_font_family": "Work Sans",
                                "typography_font_size": {
                                    "unit": "em",
                                    "size": 2.7,
                                    "sizes": []
                                },
                                "typography_font_size_mobile": {
                                    "unit": "em",
                                    "size": 2.5,
                                    "sizes": []
                                },
                                "typography_font_weight": "600",
                                "typography_line_height": {
                                    "unit": "em",
                                    "size": 1.2,
                                    "sizes": []
                                },
                                "typography_line_height_mobile": {
                                    "unit": "em",
                                    "size": 1.2,
                                    "sizes": []
                                },
                                "typography_letter_spacing": {
                                    "unit": "px",
                                    "size": -2,
                                    "sizes": []
                                },
                                "typography_letter_spacing_mobile": {
                                    "unit": "px",
                                    "size": -1,
                                    "sizes": []
                                },
                                "_animation": "fadeInUp",
                                "header_size": "h1",
                                "typography_font_size_tablet": {
                                    "unit": "em",
                                    "size": 2.2,
                                    "sizes": []
                                },
                                "_margin": {
                                    "unit": "px",
                                    "top": "0",
                                    "right": "0",
                                    "bottom": "-10",
                                    "left": "0",
                                    "isLinked": false
                                },
                                "typography_text_transform": "capitalize",
                                "typography_font_style": "normal",
                                "typography_text_decoration": "none"
                            },
                            "elements": [],
                            "isInner": false,
                            "widgetType": "heading",
                            "elType": "widget"
                        },
                        {
                            "id": "18d266ce",
                            "settings": {
                                "title": "Everything Start From A Hello!\u200b",
                                "align": "left",
                                "title_color": "#000000",
                                "typography_typography": "custom",
                                "typography_font_family": "Work Sans",
                                "typography_font_size": {
                                    "unit": "em",
                                    "size": 1.8,
                                    "sizes": []
                                },
                                "typography_font_size_mobile": {
                                    "unit": "em",
                                    "size": 1.5,
                                    "sizes": []
                                },
                                "typography_font_weight": "500",
                                "typography_line_height": {
                                    "unit": "em",
                                    "size": 1.2,
                                    "sizes": []
                                },
                                "typography_line_height_mobile": {
                                    "unit": "em",
                                    "size": 1.2,
                                    "sizes": []
                                },
                                "typography_letter_spacing": {
                                    "unit": "px",
                                    "size": -1,
                                    "sizes": []
                                },
                                "_animation": "fadeInUp",
                                "typography_font_size_tablet": {
                                    "unit": "em",
                                    "size": 1.5,
                                    "sizes": []
                                },
                                "typography_letter_spacing_tablet": {
                                    "unit": "px",
                                    "size": 0,
                                    "sizes": []
                                },
                                "typography_text_transform": "capitalize",
                                "typography_font_style": "normal",
                                "typography_text_decoration": "none"
                            },
                            "elements": [],
                            "isInner": false,
                            "widgetType": "heading",
                            "elType": "widget"
                        }
                    ],
                    "isInner": false,
                    "elType": "column"
                },
                {
                    "id": "7522cae",
                    "settings": {
                        "_column_size": 50,
                        "_inline_size": 63.366,
                        "_inline_size_tablet": 68,
                        "padding_mobile": {
                            "unit": "px",
                            "top": "0",
                            "right": "0",
                            "bottom": "0",
                            "left": "0",
                            "isLinked": true
                        },
                        "content_position": "center",
                        "content_position_mobile": "top",
                        "padding_tablet": {
                            "unit": "px",
                            "top": "0",
                            "right": "0",
                            "bottom": "0",
                            "left": "0",
                            "isLinked": false
                        }
                    },
                    "elements": [
                        {
                            "id": "25856567",
                            "settings": {
                                "gap": "wider",
                                "structure": "30",
                                "margin": {
                                    "unit": "px",
                                    "top": "150",
                                    "right": 0,
                                    "bottom": "0",
                                    "left": 0,
                                    "isLinked": false
                                },
                                "margin_mobile": {
                                    "unit": "px",
                                    "top": "0",
                                    "right": 0,
                                    "bottom": "0",
                                    "left": 0,
                                    "isLinked": false
                                }
                            },
                            "elements": [
                                {
                                    "id": "ee9bb44",
                                    "settings": {
                                        "_column_size": 33,
                                        "_inline_size": null
                                    },
                                    "elements": [
                                        {
                                            "id": "4b7035a5",
                                            "settings": {
                                                "selected_icon": {
                                                    "value": "far fa-life-ring",
                                                    "library": "fa-regular"
                                                },
                                                "title_text": "Support Center",
                                                "description_text": "1204 Room, X Center. NO.9, ABC Street.",
                                                "primary_color": "#000000",
                                                "icon_size": {
                                                    "unit": "px",
                                                    "size": 34,
                                                    "sizes": []
                                                },
                                                "border_radius": {
                                                    "unit": "px",
                                                    "size": "",
                                                    "sizes": []
                                                },
                                                "text_align": "left",
                                                "title_bottom_space": {
                                                    "unit": "px",
                                                    "size": 10,
                                                    "sizes": []
                                                },
                                                "title_color": "#000000",
                                                "title_typography_typography": "custom",
                                                "title_typography_font_family": "Work Sans",
                                                "title_typography_font_size": {
                                                    "unit": "px",
                                                    "size": 16,
                                                    "sizes": []
                                                },
                                                "title_typography_line_height": {
                                                    "unit": "em",
                                                    "size": 1.4,
                                                    "sizes": []
                                                },
                                                "description_color": "#000000",
                                                "description_typography_typography": "custom",
                                                "description_typography_font_family": "Muli",
                                                "description_typography_font_size": {
                                                    "unit": "px",
                                                    "size": 14,
                                                    "sizes": []
                                                },
                                                "description_typography_line_height": {
                                                    "unit": "em",
                                                    "size": 1.6,
                                                    "sizes": []
                                                },
                                                "_animation": "fadeInDown",
                                                "_animation_delay": 200,
                                                "title_typography_font_weight": "500",
                                                "title_typography_text_transform": "capitalize",
                                                "title_typography_font_style": "normal",
                                                "title_typography_text_decoration": "none",
                                                "title_typography_letter_spacing": {
                                                    "unit": "px",
                                                    "size": 0,
                                                    "sizes": []
                                                },
                                                "description_typography_font_weight": "400",
                                                "description_typography_text_transform": "none",
                                                "description_typography_font_style": "normal",
                                                "description_typography_text_decoration": "none",
                                                "description_typography_letter_spacing": {
                                                    "unit": "px",
                                                    "size": 0,
                                                    "sizes": []
                                                }
                                            },
                                            "elements": [],
                                            "isInner": false,
                                            "widgetType": "icon-box",
                                            "elType": "widget"
                                        },
                                        {
                                            "id": "4dbd9e1",
                                            "settings": {
                                                "icon_list": [
                                                    {
                                                        "text": "abc@domain.com",
                                                        "selected_icon": {
                                                            "value": "far fa-envelope",
                                                            "library": "fa-regular"
                                                        },
                                                        "_id": "31f9c73",
                                                        "link": {
                                                            "url": "",
                                                            "is_external": "",
                                                            "nofollow": "",
                                                            "custom_attributes": ""
                                                        }
                                                    },
                                                    {
                                                        "text": "+1 234 456 56",
                                                        "selected_icon": {
                                                            "value": "fas fa-phone-volume",
                                                            "library": "fa-solid"
                                                        },
                                                        "_id": "a2a9d8c",
                                                        "link": {
                                                            "url": "",
                                                            "is_external": "",
                                                            "nofollow": "",
                                                            "custom_attributes": ""
                                                        }
                                                    }
                                                ],
                                                "space_between": {
                                                    "unit": "px",
                                                    "size": 6,
                                                    "sizes": []
                                                },
                                                "icon_size": {
                                                    "unit": "px",
                                                    "size": "",
                                                    "sizes": []
                                                },
                                                "icon_typography_typography": "custom",
                                                "icon_typography_font_family": "Muli",
                                                "icon_typography_font_size": {
                                                    "unit": "px",
                                                    "size": 13,
                                                    "sizes": []
                                                },
                                                "_animation": "fadeInDown",
                                                "_animation_delay": 200,
                                                "text_color": "#000000",
                                                "icon_typography_font_weight": "400",
                                                "icon_typography_text_transform": "none",
                                                "icon_typography_font_style": "normal",
                                                "icon_typography_text_decoration": "none",
                                                "icon_typography_line_height": {
                                                    "unit": "em",
                                                    "size": 1.5,
                                                    "sizes": []
                                                },
                                                "icon_typography_letter_spacing": {
                                                    "unit": "px",
                                                    "size": 0,
                                                    "sizes": []
                                                }
                                            },
                                            "elements": [],
                                            "isInner": false,
                                            "widgetType": "icon-list",
                                            "elType": "widget"
                                        }
                                    ],
                                    "isInner": true,
                                    "elType": "column"
                                },
                                {
                                    "id": "7f83254f",
                                    "settings": {
                                        "_column_size": 33,
                                        "_inline_size": null
                                    },
                                    "elements": [
                                        {
                                            "id": "2f0ce5a6",
                                            "settings": {
                                                "selected_icon": {
                                                    "value": "fas fa-shipping-fast",
                                                    "library": "fa-solid"
                                                },
                                                "title_text": "Shipping Center",
                                                "description_text": "1204 Room, X Center. NO.9, ABC Street.",
                                                "primary_color": "#000000",
                                                "icon_size": {
                                                    "unit": "px",
                                                    "size": 34,
                                                    "sizes": []
                                                },
                                                "border_radius": {
                                                    "unit": "px",
                                                    "size": "",
                                                    "sizes": []
                                                },
                                                "text_align": "left",
                                                "title_bottom_space": {
                                                    "unit": "px",
                                                    "size": 10,
                                                    "sizes": []
                                                },
                                                "title_color": "#000000",
                                                "title_typography_typography": "custom",
                                                "title_typography_font_family": "Work Sans",
                                                "title_typography_font_size": {
                                                    "unit": "px",
                                                    "size": 16,
                                                    "sizes": []
                                                },
                                                "title_typography_line_height": {
                                                    "unit": "em",
                                                    "size": 1.4,
                                                    "sizes": []
                                                },
                                                "description_color": "#000000",
                                                "description_typography_typography": "custom",
                                                "description_typography_font_family": "Muli",
                                                "description_typography_font_size": {
                                                    "unit": "px",
                                                    "size": 14,
                                                    "sizes": []
                                                },
                                                "description_typography_line_height": {
                                                    "unit": "em",
                                                    "size": 1.6,
                                                    "sizes": []
                                                },
                                                "_animation": "fadeInDown",
                                                "_animation_delay": 200,
                                                "title_typography_font_weight": "500",
                                                "title_typography_text_transform": "capitalize",
                                                "title_typography_font_style": "normal",
                                                "title_typography_text_decoration": "none",
                                                "title_typography_letter_spacing": {
                                                    "unit": "px",
                                                    "size": 0,
                                                    "sizes": []
                                                },
                                                "description_typography_font_weight": "400",
                                                "description_typography_text_transform": "none",
                                                "description_typography_font_style": "normal",
                                                "description_typography_text_decoration": "none",
                                                "description_typography_letter_spacing": {
                                                    "unit": "px",
                                                    "size": 0,
                                                    "sizes": []
                                                }
                                            },
                                            "elements": [],
                                            "isInner": false,
                                            "widgetType": "icon-box",
                                            "elType": "widget"
                                        },
                                        {
                                            "id": "298489d4",
                                            "settings": {
                                                "icon_list": [
                                                    {
                                                        "text": "abc@domain.com",
                                                        "selected_icon": {
                                                            "value": "far fa-envelope",
                                                            "library": "fa-regular"
                                                        },
                                                        "_id": "31f9c73",
                                                        "link": {
                                                            "url": "",
                                                            "is_external": "",
                                                            "nofollow": "",
                                                            "custom_attributes": ""
                                                        }
                                                    },
                                                    {
                                                        "text": "+1 234 456 56",
                                                        "selected_icon": {
                                                            "value": "fas fa-phone-volume",
                                                            "library": "fa-solid"
                                                        },
                                                        "_id": "a2a9d8c",
                                                        "link": {
                                                            "url": "",
                                                            "is_external": "",
                                                            "nofollow": "",
                                                            "custom_attributes": ""
                                                        }
                                                    }
                                                ],
                                                "space_between": {
                                                    "unit": "px",
                                                    "size": 6,
                                                    "sizes": []
                                                },
                                                "icon_size": {
                                                    "unit": "px",
                                                    "size": "",
                                                    "sizes": []
                                                },
                                                "icon_typography_typography": "custom",
                                                "icon_typography_font_family": "Muli",
                                                "icon_typography_font_size": {
                                                    "unit": "px",
                                                    "size": 13,
                                                    "sizes": []
                                                },
                                                "_animation": "fadeInDown",
                                                "_animation_delay": 200,
                                                "text_color": "#000000",
                                                "icon_typography_font_weight": "400",
                                                "icon_typography_text_transform": "none",
                                                "icon_typography_font_style": "normal",
                                                "icon_typography_text_decoration": "none",
                                                "icon_typography_line_height": {
                                                    "unit": "em",
                                                    "size": 1.5,
                                                    "sizes": []
                                                },
                                                "icon_typography_letter_spacing": {
                                                    "unit": "px",
                                                    "size": 0,
                                                    "sizes": []
                                                }
                                            },
                                            "elements": [],
                                            "isInner": false,
                                            "widgetType": "icon-list",
                                            "elType": "widget"
                                        }
                                    ],
                                    "isInner": true,
                                    "elType": "column"
                                },
                                {
                                    "id": "6fc223c7",
                                    "settings": {
                                        "_column_size": 33,
                                        "_inline_size": null
                                    },
                                    "elements": [
                                        {
                                            "id": "13b19c6d",
                                            "settings": {
                                                "selected_icon": {
                                                    "value": "fas fa-map-marker-alt",
                                                    "library": "fa-solid"
                                                },
                                                "title_text": "Billing Department",
                                                "description_text": "1204 Room, X Center. NO.9, ABC Street.",
                                                "primary_color": "#000000",
                                                "icon_size": {
                                                    "unit": "px",
                                                    "size": 34,
                                                    "sizes": []
                                                },
                                                "border_radius": {
                                                    "unit": "px",
                                                    "size": "",
                                                    "sizes": []
                                                },
                                                "text_align": "left",
                                                "title_bottom_space": {
                                                    "unit": "px",
                                                    "size": 10,
                                                    "sizes": []
                                                },
                                                "title_color": "#000000",
                                                "title_typography_typography": "custom",
                                                "title_typography_font_family": "Work Sans",
                                                "title_typography_font_size": {
                                                    "unit": "px",
                                                    "size": 16,
                                                    "sizes": []
                                                },
                                                "title_typography_line_height": {
                                                    "unit": "em",
                                                    "size": 1.4,
                                                    "sizes": []
                                                },
                                                "description_color": "#000000",
                                                "description_typography_typography": "custom",
                                                "description_typography_font_family": "Muli",
                                                "description_typography_font_size": {
                                                    "unit": "px",
                                                    "size": 14,
                                                    "sizes": []
                                                },
                                                "description_typography_line_height": {
                                                    "unit": "em",
                                                    "size": 1.6,
                                                    "sizes": []
                                                },
                                                "_animation": "fadeInDown",
                                                "_animation_delay": 200,
                                                "title_typography_font_weight": "500",
                                                "title_typography_text_transform": "capitalize",
                                                "title_typography_font_style": "normal",
                                                "title_typography_text_decoration": "none",
                                                "title_typography_letter_spacing": {
                                                    "unit": "px",
                                                    "size": 0,
                                                    "sizes": []
                                                },
                                                "description_typography_font_weight": "400",
                                                "description_typography_text_transform": "none",
                                                "description_typography_font_style": "normal",
                                                "description_typography_text_decoration": "none",
                                                "description_typography_letter_spacing": {
                                                    "unit": "px",
                                                    "size": 0,
                                                    "sizes": []
                                                }
                                            },
                                            "elements": [],
                                            "isInner": false,
                                            "widgetType": "icon-box",
                                            "elType": "widget"
                                        },
                                        {
                                            "id": "6ad6308d",
                                            "settings": {
                                                "icon_list": [
                                                    {
                                                        "text": "abc@domain.com",
                                                        "selected_icon": {
                                                            "value": "far fa-envelope",
                                                            "library": "fa-regular"
                                                        },
                                                        "_id": "31f9c73",
                                                        "link": {
                                                            "url": "",
                                                            "is_external": "",
                                                            "nofollow": "",
                                                            "custom_attributes": ""
                                                        }
                                                    },
                                                    {
                                                        "text": "+1 234 456 56",
                                                        "selected_icon": {
                                                            "value": "fas fa-phone-volume",
                                                            "library": "fa-solid"
                                                        },
                                                        "_id": "a2a9d8c",
                                                        "link": {
                                                            "url": "",
                                                            "is_external": "",
                                                            "nofollow": "",
                                                            "custom_attributes": ""
                                                        }
                                                    }
                                                ],
                                                "space_between": {
                                                    "unit": "px",
                                                    "size": 6,
                                                    "sizes": []
                                                },
                                                "icon_size": {
                                                    "unit": "px",
                                                    "size": "",
                                                    "sizes": []
                                                },
                                                "icon_typography_typography": "custom",
                                                "icon_typography_font_family": "Muli",
                                                "icon_typography_font_size": {
                                                    "unit": "px",
                                                    "size": 13,
                                                    "sizes": []
                                                },
                                                "_animation": "fadeInDown",
                                                "_animation_delay": 200,
                                                "text_color": "#000000",
                                                "icon_typography_font_weight": "400",
                                                "icon_typography_text_transform": "none",
                                                "icon_typography_font_style": "normal",
                                                "icon_typography_text_decoration": "none",
                                                "icon_typography_line_height": {
                                                    "unit": "em",
                                                    "size": 1.5,
                                                    "sizes": []
                                                },
                                                "icon_typography_letter_spacing": {
                                                    "unit": "px",
                                                    "size": 0,
                                                    "sizes": []
                                                }
                                            },
                                            "elements": [],
                                            "isInner": false,
                                            "widgetType": "icon-list",
                                            "elType": "widget"
                                        }
                                    ],
                                    "isInner": true,
                                    "elType": "column"
                                }
                            ],
                            "isInner": true,
                            "elType": "section"
                        }
                    ],
                    "isInner": false,
                    "elType": "column"
                }
            ],
            "isInner": false,
            "elType": "section"
        },
        {
            "id": "5e2eab61",
            "settings": {
                "structure": "30",
                "margin": {
                    "unit": "px",
                    "top": "",
                    "right": 0,
                    "bottom": "",
                    "left": 0,
                    "isLinked": true
                },
                "padding": {
                    "unit": "px",
                    "top": "50",
                    "right": "0",
                    "bottom": "50",
                    "left": "0",
                    "isLinked": false
                },
                "gap": "wider"
            },
            "elements": [
                {
                    "id": "4da42164",
                    "settings": {
                        "_column_size": 33,
                        "_inline_size": 43.465,
                        "_inline_size_tablet": 45
                    },
                    "elements": [
                        {
                            "id": "13347d56",
                            "settings": {
                                "title": "Send Us Email",
                                "align": "left",
                                "title_color": "#000000",
                                "typography_typography": "custom",
                                "typography_font_family": "Work Sans",
                                "typography_font_size": {
                                    "unit": "em",
                                    "size": 1.5,
                                    "sizes": []
                                },
                                "typography_font_size_mobile": {
                                    "unit": "em",
                                    "size": 2,
                                    "sizes": []
                                },
                                "typography_font_weight": "500",
                                "typography_line_height": {
                                    "unit": "em",
                                    "size": 1.2,
                                    "sizes": []
                                },
                                "typography_line_height_mobile": {
                                    "unit": "em",
                                    "size": 1.2,
                                    "sizes": []
                                },
                                "typography_letter_spacing": {
                                    "unit": "px",
                                    "size": -1,
                                    "sizes": []
                                },
                                "typography_letter_spacing_mobile": {
                                    "unit": "px",
                                    "size": -1,
                                    "sizes": []
                                },
                                "_animation": "fadeInUp",
                                "typography_font_size_tablet": {
                                    "unit": "em",
                                    "size": 1.5,
                                    "sizes": []
                                },
                                "typography_text_transform": "capitalize",
                                "typography_font_style": "normal",
                                "typography_text_decoration": "none"
                            },
                            "elements": [],
                            "isInner": false,
                            "widgetType": "heading",
                            "elType": "widget"
                        },
                        {
                            "id": "3d1c4831",
                            "settings": {
                                "text_color": "#7A7A7A",
                                "typography_typography": "custom",
                                "typography_font_family": "Muli",
                                "typography_font_size": {
                                    "unit": "px",
                                    "size": 14,
                                    "sizes": []
                                },
                                "typography_font_weight": "400",
                                "typography_line_height": {
                                    "unit": "em",
                                    "size": 1.5,
                                    "sizes": []
                                },
                                "_margin": {
                                    "unit": "%",
                                    "top": "",
                                    "right": "",
                                    "bottom": "",
                                    "left": "",
                                    "isLinked": true
                                },
                                "_animation": "fadeInUp",
                                "_animation_delay": 700,
                                "align": "left",
                                "_margin_mobile": {
                                    "unit": "px",
                                    "top": "0",
                                    "right": "0",
                                    "bottom": "0",
                                    "left": "0",
                                    "isLinked": false
                                },
                                "_margin_tablet": {
                                    "unit": "px",
                                    "top": "0",
                                    "right": "0",
                                    "bottom": "50",
                                    "left": "0",
                                    "isLinked": false
                                },
                                "typography_text_transform": "none",
                                "typography_font_style": "normal",
                                "typography_text_decoration": "none",
                                "typography_letter_spacing": {
                                    "unit": "px",
                                    "size": 0,
                                    "sizes": []
                                }
                            },
                            "elements": [],
                            "isInner": false,
                            "widgetType": "text-editor",
                            "elType": "widget"
                        },
                        {
                            "id": "734db55b",
                            "settings": {
                                "form_name": "New Form",
                                "form_fields": [
                                    {
                                        "custom_id": "name",
                                        "field_type": "text",
                                        "field_label": "Name",
                                        "placeholder": "Name",
                                        "width": "100",
                                        "_id": "4313f36",
                                        "required": "",
                                        "field_options": "",
                                        "allow_multiple": "",
                                        "select_size": "",
                                        "inline_list": "",
                                        "field_html": "",
                                        "width_tablet": "",
                                        "width_mobile": "",
                                        "rows": 4,
                                        "recaptcha_size": "normal",
                                        "recaptcha_style": "light",
                                        "recaptcha_badge": "bottomright",
                                        "css_classes": "",
                                        "field_value": ""
                                    },
                                    {
                                        "custom_id": "email",
                                        "field_type": "email",
                                        "required": "true",
                                        "field_label": "Email",
                                        "placeholder": "Email",
                                        "width": "100",
                                        "_id": "6d60158",
                                        "field_options": "",
                                        "allow_multiple": "",
                                        "select_size": "",
                                        "inline_list": "",
                                        "field_html": "",
                                        "width_tablet": "",
                                        "width_mobile": "",
                                        "rows": 4,
                                        "recaptcha_size": "normal",
                                        "recaptcha_style": "light",
                                        "recaptcha_badge": "bottomright",
                                        "css_classes": "",
                                        "field_value": ""
                                    },
                                    {
                                        "custom_id": "message",
                                        "field_type": "textarea",
                                        "field_label": "Message",
                                        "placeholder": "Message",
                                        "width": "100",
                                        "_id": "d11085f",
                                        "required": "",
                                        "field_options": "",
                                        "allow_multiple": "",
                                        "select_size": "",
                                        "inline_list": "",
                                        "field_html": "",
                                        "width_tablet": "",
                                        "width_mobile": "",
                                        "rows": 4,
                                        "recaptcha_size": "normal",
                                        "recaptcha_style": "light",
                                        "recaptcha_badge": "bottomright",
                                        "css_classes": "",
                                        "field_value": ""
                                    }
                                ],
                                "show_labels": "",
                                "button_text": "Send Email",
                                "selected_button_icon": {
                                    "value": "fas fa-paper-plane",
                                    "library": "fa-solid"
                                },
                                "button_icon_indent": {
                                    "unit": "px",
                                    "size": 18,
                                    "sizes": []
                                },
                                "email_content": "[all-fields]",
                                "email_content_2": "[all-fields]",
                                "success_message": "The form was sent successfully.",
                                "error_message": "An error occured.",
                                "required_field_message": "This field is required.",
                                "invalid_message": "There's something wrong. The form is invalid.",
                                "column_gap": {
                                    "unit": "px",
                                    "size": 0,
                                    "sizes": []
                                },
                                "row_gap": {
                                    "unit": "px",
                                    "size": 17,
                                    "sizes": []
                                },
                                "label_color": "#000000",
                                "label_typography_typography": "custom",
                                "label_typography_font_family": "Muli",
                                "label_typography_font_size": {
                                    "unit": "px",
                                    "size": 16,
                                    "sizes": []
                                },
                                "label_typography_line_height": {
                                    "unit": "em",
                                    "size": 1.6,
                                    "sizes": []
                                },
                                "html_typography_typography": "custom",
                                "html_typography_font_family": "Muli",
                                "html_typography_font_size": {
                                    "unit": "px",
                                    "size": 16,
                                    "sizes": []
                                },
                                "html_typography_line_height": {
                                    "unit": "em",
                                    "size": 1.6,
                                    "sizes": []
                                },
                                "field_text_color": "#000000",
                                "field_typography_typography": "custom",
                                "field_typography_font_family": "Muli",
                                "field_typography_font_size": {
                                    "unit": "px",
                                    "size": 16,
                                    "sizes": []
                                },
                                "field_typography_line_height": {
                                    "unit": "em",
                                    "size": 1.6,
                                    "sizes": []
                                },
                                "field_border_color": "#DDDDDD",
                                "field_border_width": {
                                    "unit": "px",
                                    "top": "0",
                                    "right": "0",
                                    "bottom": "1",
                                    "left": "0",
                                    "isLinked": false
                                },
                                "field_border_radius": {
                                    "unit": "px",
                                    "top": "0",
                                    "right": "0",
                                    "bottom": "0",
                                    "left": "0",
                                    "isLinked": true
                                },
                                "button_background_color": "#1BC8B1",
                                "button_text_color": "#FFFFFF",
                                "button_typography_typography": "custom",
                                "button_typography_font_family": "Muli",
                                "button_typography_font_size": {
                                    "unit": "px",
                                    "size": 16,
                                    "sizes": []
                                },
                                "button_typography_font_weight": "600",
                                "button_typography_line_height": {
                                    "unit": "em",
                                    "size": 1.6,
                                    "sizes": []
                                },
                                "button_border_radius": {
                                    "unit": "px",
                                    "top": "50",
                                    "right": "50",
                                    "bottom": "50",
                                    "left": "50",
                                    "isLinked": true
                                },
                                "message_typography_typography": "custom",
                                "message_typography_font_family": "Muli",
                                "message_typography_font_size": {
                                    "unit": "px",
                                    "size": 16,
                                    "sizes": []
                                },
                                "message_typography_line_height": {
                                    "unit": "em",
                                    "size": 1.6,
                                    "sizes": []
                                },
                                "label_typography_font_weight": "500",
                                "label_typography_text_transform": "capitalize",
                                "label_typography_font_style": "normal",
                                "label_typography_text_decoration": "none",
                                "label_typography_letter_spacing": {
                                    "unit": "px",
                                    "size": 0,
                                    "sizes": []
                                },
                                "html_color": "#7A7A7A",
                                "html_typography_font_weight": "400",
                                "html_typography_text_transform": "none",
                                "html_typography_font_style": "normal",
                                "html_typography_text_decoration": "none",
                                "html_typography_letter_spacing": {
                                    "unit": "px",
                                    "size": 0,
                                    "sizes": []
                                },
                                "field_typography_font_weight": "400",
                                "field_typography_text_transform": "none",
                                "field_typography_font_style": "normal",
                                "field_typography_text_decoration": "none",
                                "field_typography_letter_spacing": {
                                    "unit": "px",
                                    "size": 0,
                                    "sizes": []
                                },
                                "button_typography_text_transform": "capitalize",
                                "button_typography_font_style": "normal",
                                "button_typography_text_decoration": "none",
                                "button_typography_letter_spacing": {
                                    "unit": "px",
                                    "size": 0,
                                    "sizes": []
                                },
                                "message_typography_font_weight": "400",
                                "message_typography_text_transform": "none",
                                "message_typography_font_style": "normal",
                                "message_typography_text_decoration": "none",
                                "message_typography_letter_spacing": {
                                    "unit": "px",
                                    "size": 0,
                                    "sizes": []
                                }
                            },
                            "elements": [],
                            "isInner": false,
                            "widgetType": "form",
                            "elType": "widget"
                        }
                    ],
                    "isInner": false,
                    "elType": "column"
                },
                {
                    "id": "3a978552",
                    "settings": {
                        "_column_size": 33,
                        "_inline_size": 34.851,
                        "_inline_size_tablet": 40,
                        "padding_mobile": {
                            "unit": "px",
                            "top": "0",
                            "right": "0",
                            "bottom": "0",
                            "left": "0",
                            "isLinked": false
                        }
                    },
                    "elements": [
                        {
                            "id": "7c471ae6",
                            "settings": {
                                "address": "London Eye, London, United Kingdom",
                                "css_filters_brightness": {
                                    "unit": "px",
                                    "size": 105,
                                    "sizes": []
                                },
                                "css_filters_contrast": {
                                    "unit": "px",
                                    "size": 101,
                                    "sizes": []
                                },
                                "css_filters_saturate": {
                                    "unit": "px",
                                    "size": 0,
                                    "sizes": []
                                },
                                "_animation": "fadeIn",
                                "animation_duration": "slow",
                                "_animation_delay": 1200,
                                "height": {
                                    "unit": "px",
                                    "size": 414,
                                    "sizes": []
                                },
                                "css_filters_css_filter": "custom",
                                "_margin": {
                                    "unit": "px",
                                    "top": "0",
                                    "right": "-100",
                                    "bottom": "0",
                                    "left": "0",
                                    "isLinked": false
                                },
                                "_margin_mobile": {
                                    "unit": "px",
                                    "top": "0",
                                    "right": "0",
                                    "bottom": "0",
                                    "left": "0",
                                    "isLinked": false
                                },
                                "_z_index": 1
                            },
                            "elements": [],
                            "isInner": false,
                            "widgetType": "google_maps",
                            "elType": "widget"
                        }
                    ],
                    "isInner": false,
                    "elType": "column"
                },
                {
                    "id": "66117e28",
                    "settings": {
                        "_column_size": 33,
                        "_inline_size": 21.348,
                        "_inline_size_tablet": 15,
                        "hide_mobile": "hidden-phone",
                        "background_color": "#FFFFFF"
                    },
                    "elements": [
                        {
                            "id": "370002cd",
                            "settings": {
                                "space": {
                                    "unit": "px",
                                    "size": 261,
                                    "sizes": []
                                },
                                "_z_index": 0,
                                "_background_background": "classic",
                                "_background_color": "#1BC8B1",
                                "_position": "absolute",
                                "_offset_x": {
                                    "unit": "px",
                                    "size": -45,
                                    "sizes": []
                                },
                                "_offset_x_tablet": {
                                    "unit": "px",
                                    "size": 11,
                                    "sizes": []
                                },
                                "_offset_y": {
                                    "unit": "px",
                                    "size": -34,
                                    "sizes": []
                                },
                                "_offset_y_tablet": {
                                    "unit": "px",
                                    "size": -22,
                                    "sizes": []
                                },
                                "hide_mobile": "hidden-phone"
                            },
                            "elements": [],
                            "isInner": false,
                            "widgetType": "spacer",
                            "elType": "widget"
                        }
                    ],
                    "isInner": false,
                    "elType": "column"
                }
            ],
            "isInner": false,
            "elType": "section"
        }
    ]
}