{
    "version": "0.4",
    "title": "Default Kit",
    "type": "section",
    "metadata": {
        "template_type": "global-styles",
        "include_in_zip": "1",
        "additional_template_information": [
            "These are the global theme styles configured through the Elementor Theme Styles area."
        ],
        "wp_page_template": "default"
    },
    "content": [],
    "page_settings": {
        "body_color": "#000000",
        "body_typography_typography": "custom",
        "body_typography_font_family": "Muli",
        "body_typography_font_size": {
            "unit": "px",
            "size": "16",
            "sizes": []
        },
        "body_typography_font_weight": "400",
        "body_typography_line_height": {
            "unit": "em",
            "size": "1.6",
            "sizes": []
        },
        "link_normal_color": "#1BC8B1",
        "link_normal_typography_typography": "custom",
        "link_normal_typography_font_family": "Muli",
        "link_normal_typography_font_size": {
            "unit": "px",
            "size": "16",
            "sizes": []
        },
        "link_normal_typography_line_height": {
            "unit": "em",
            "size": "1.6",
            "sizes": []
        },
        "h1_color": "#000000",
        "h1_typography_typography": "custom",
        "h1_typography_font_family": "Work Sans",
        "h1_typography_font_size": {
            "unit": "em",
            "size": "2.7",
            "sizes": []
        },
        "h1_typography_font_weight": "600",
        "h1_typography_line_height": {
            "unit": "em",
            "size": "1.2",
            "sizes": []
        },
        "h1_typography_letter_spacing": {
            "unit": "px",
            "size": "-2",
            "sizes": []
        },
        "h2_color": "#000000",
        "h2_typography_typography": "custom",
        "h2_typography_font_family": "Work Sans",
        "h2_typography_font_size": {
            "unit": "em",
            "size": "2.5",
            "sizes": []
        },
        "h2_typography_font_weight": "500",
        "h2_typography_line_height": {
            "unit": "em",
            "size": "1.2",
            "sizes": []
        },
        "h2_typography_letter_spacing": {
            "unit": "px",
            "size": "-1",
            "sizes": []
        },
        "h3_color": "#000000",
        "h3_typography_typography": "custom",
        "h3_typography_font_family": "Work Sans",
        "h3_typography_font_size": {
            "unit": "em",
            "size": "2.2",
            "sizes": []
        },
        "h3_typography_font_weight": "500",
        "h3_typography_line_height": {
            "unit": "em",
            "size": "1.2",
            "sizes": []
        },
        "h4_color": "#000000",
        "h4_typography_typography": "custom",
        "h4_typography_font_family": "Work Sans",
        "h4_typography_font_size": {
            "unit": "em",
            "size": "1.8",
            "sizes": []
        },
        "h4_typography_font_weight": "500",
        "h4_typography_line_height": {
            "unit": "em",
            "size": "1.3",
            "sizes": []
        },
        "h5_color": "#000000",
        "h5_typography_typography": "custom",
        "h5_typography_font_family": "Work Sans",
        "h5_typography_font_size": {
            "unit": "px",
            "size": "1.6",
            "sizes": []
        },
        "h5_typography_line_height": {
            "unit": "em",
            "size": "1.4",
            "sizes": []
        },
        "h6_color": "#000000",
        "h6_typography_typography": "custom",
        "h6_typography_font_family": "Work Sans",
        "h6_typography_font_size": {
            "unit": "px",
            "size": "1.2",
            "sizes": []
        },
        "h6_typography_font_weight": "500",
        "h6_typography_line_height": {
            "unit": "em",
            "size": "1.5",
            "sizes": []
        },
        "button_typography_typography": "custom",
        "button_typography_font_family": "Work Sans",
        "button_typography_font_size": {
            "unit": "px",
            "size": "16",
            "sizes": []
        },
        "button_typography_font_weight": "600",
        "button_typography_line_height": {
            "unit": "em",
            "size": "1.6",
            "sizes": []
        },
        "button_text_color": "#FFFFFF",
        "button_background_color": "#1BC8B1",
        "button_border_radius": {
            "unit": "px",
            "top": "50",
            "right": "50",
            "bottom": "50",
            "left": "50",
            "isLinked": "1"
        },
        "form_label_color": "#000000",
        "form_label_typography_typography": "custom",
        "form_label_typography_font_family": "Muli",
        "form_label_typography_font_size": {
            "unit": "px",
            "size": "16",
            "sizes": []
        },
        "form_label_typography_font_weight": "400",
        "form_label_typography_line_height": {
            "unit": "em",
            "size": "1.6",
            "sizes": []
        },
        "form_field_typography_typography": "custom",
        "form_field_typography_font_family": "Muli",
        "form_field_typography_font_size": {
            "unit": "px",
            "size": "16",
            "sizes": []
        },
        "form_field_typography_font_weight": "400",
        "form_field_typography_line_height": {
            "unit": "em",
            "size": "1.6",
            "sizes": []
        },
        "form_field_text_color": "#666666",
        "form_field_background_color": "#FFFFFF",
        "form_field_border_border": "solid",
        "form_field_border_width": {
            "unit": "px",
            "top": "1",
            "right": "1",
            "bottom": "1",
            "left": "1",
            "isLinked": ""
        },
        "form_field_border_color": "#DDDDDD",
        "form_field_border_radius": {
            "unit": "px",
            "top": "0",
            "right": "0",
            "bottom": "0",
            "left": "0",
            "isLinked": "1"
        },
        "body_background_background": "classic",
        "body_background_color": "#FFFFFF",
        "body_typography_text_transform": "none",
        "body_typography_font_style": "normal",
        "body_typography_text_decoration": "none",
        "body_typography_letter_spacing": {
            "unit": "px",
            "size": "0",
            "sizes": []
        },
        "link_normal_typography_font_weight": "400",
        "link_normal_typography_text_transform": "none",
        "link_normal_typography_font_style": "normal",
        "link_normal_typography_text_decoration": "none",
        "link_normal_typography_letter_spacing": {
            "unit": "px",
            "size": "0",
            "sizes": []
        },
        "h1_typography_text_transform": "capitalize",
        "h1_typography_font_style": "normal",
        "h1_typography_text_decoration": "none",
        "h2_typography_text_transform": "capitalize",
        "h2_typography_font_style": "normal",
        "h2_typography_text_decoration": "none",
        "h3_typography_text_transform": "capitalize",
        "h3_typography_font_style": "normal",
        "h3_typography_text_decoration": "none",
        "h3_typography_letter_spacing": {
            "unit": "px",
            "size": "0",
            "sizes": []
        },
        "h4_typography_text_transform": "capitalize",
        "h4_typography_font_style": "normal",
        "h4_typography_text_decoration": "none",
        "h4_typography_letter_spacing": {
            "unit": "px",
            "size": "0",
            "sizes": []
        },
        "h5_typography_font_weight": "500",
        "h5_typography_text_transform": "capitalize",
        "h5_typography_font_style": "normal",
        "h5_typography_text_decoration": "none",
        "h5_typography_letter_spacing": {
            "unit": "px",
            "size": "0",
            "sizes": []
        },
        "h6_typography_text_transform": "capitalize",
        "h6_typography_font_style": "normal",
        "h6_typography_text_decoration": "none",
        "h6_typography_letter_spacing": {
            "unit": "px",
            "size": "0",
            "sizes": []
        },
        "button_typography_text_transform": "capitalize",
        "button_typography_font_style": "normal",
        "button_typography_text_decoration": "none",
        "button_typography_letter_spacing": {
            "unit": "px",
            "size": "0",
            "sizes": []
        },
        "form_label_typography_text_transform": "none",
        "form_label_typography_font_style": "normal",
        "form_label_typography_text_decoration": "none",
        "form_label_typography_letter_spacing": {
            "unit": "px",
            "size": "0",
            "sizes": []
        },
        "form_field_typography_text_transform": "none",
        "form_field_typography_font_style": "normal",
        "form_field_typography_text_decoration": "none",
        "form_field_typography_letter_spacing": {
            "unit": "px",
            "size": "0",
            "sizes": []
        }
    }
}