{
    "version": "0.4",
    "title": "Price Packages",
    "type": "page",
    "metadata": {
        "template_type": "single-page",
        "include_in_zip": "1",
        "wp_page_template": "elementor_canvas"
    },
    "content": [
        {
            "id": "4e2909d7",
            "settings": {
                "height": "min-height",
                "background_background": "classic",
                "background_color": "#EDF9F7",
                "background_image": {
                    "url": "https:\/\/kit.themevan.com\/medisale\/wp-content\/uploads\/sites\/2\/2020\/02\/black-female-doctor-leading-medical-team-PV89YSG.jpg",
                    "id": 875
                },
                "background_position": "top center",
                "background_attachment": "fixed",
                "background_repeat": "no-repeat",
                "background_size": "cover",
                "background_overlay_background": "classic",
                "background_overlay_color": "#EDF9F7",
                "background_overlay_opacity": {
                    "unit": "px",
                    "size": 0.81,
                    "sizes": []
                }
            },
            "elements": [
                {
                    "id": "7902d857",
                    "settings": {
                        "_column_size": 100,
                        "_inline_size": null
                    },
                    "elements": [
                        {
                            "id": "24b84a8d",
                            "settings": {
                                "structure": "30"
                            },
                            "elements": [
                                {
                                    "id": "7cf0622b",
                                    "settings": {
                                        "_column_size": 33,
                                        "_inline_size": 25,
                                        "_inline_size_tablet": 15,
                                        "hide_mobile": "hidden-phone"
                                    },
                                    "elements": [],
                                    "isInner": true,
                                    "elType": "column"
                                },
                                {
                                    "id": "596059d0",
                                    "settings": {
                                        "_column_size": 33,
                                        "_inline_size": 49.664,
                                        "_inline_size_tablet": 70
                                    },
                                    "elements": [
                                        {
                                            "id": "236ba709",
                                            "settings": {
                                                "style": "slashes",
                                                "width": {
                                                    "unit": "%",
                                                    "size": 20,
                                                    "sizes": []
                                                },
                                                "align": "center",
                                                "text": "Divider"
                                            },
                                            "elements": [],
                                            "isInner": false,
                                            "widgetType": "divider",
                                            "elType": "widget"
                                        },
                                        {
                                            "id": "1705f65c",
                                            "settings": {
                                                "title": "Choose A Price Package",
                                                "align": "center",
                                                "title_color": "#000000",
                                                "typography_typography": "custom",
                                                "typography_font_family": "Work Sans",
                                                "typography_font_size": {
                                                    "unit": "em",
                                                    "size": 2.7,
                                                    "sizes": []
                                                },
                                                "typography_font_size_mobile": {
                                                    "unit": "em",
                                                    "size": 2,
                                                    "sizes": []
                                                },
                                                "typography_font_weight": "600",
                                                "typography_line_height": {
                                                    "unit": "em",
                                                    "size": 1.2,
                                                    "sizes": []
                                                },
                                                "typography_line_height_mobile": {
                                                    "unit": "em",
                                                    "size": 1.2,
                                                    "sizes": []
                                                },
                                                "typography_letter_spacing": {
                                                    "unit": "px",
                                                    "size": -2,
                                                    "sizes": []
                                                },
                                                "typography_letter_spacing_mobile": {
                                                    "unit": "px",
                                                    "size": -1,
                                                    "sizes": []
                                                },
                                                "_animation": "fadeInUp",
                                                "header_size": "h1",
                                                "typography_text_transform": "capitalize",
                                                "typography_font_style": "normal",
                                                "typography_text_decoration": "none"
                                            },
                                            "elements": [],
                                            "isInner": false,
                                            "widgetType": "heading",
                                            "elType": "widget"
                                        }
                                    ],
                                    "isInner": true,
                                    "elType": "column"
                                },
                                {
                                    "id": "42d52a79",
                                    "settings": {
                                        "_column_size": 33,
                                        "_inline_size": 25,
                                        "_inline_size_tablet": 15,
                                        "hide_mobile": "hidden-phone"
                                    },
                                    "elements": [],
                                    "isInner": true,
                                    "elType": "column"
                                }
                            ],
                            "isInner": true,
                            "elType": "section"
                        },
                        {
                            "id": "4cd9fddc",
                            "settings": {
                                "structure": "30",
                                "margin": {
                                    "unit": "px",
                                    "top": "10",
                                    "right": 0,
                                    "bottom": "20",
                                    "left": 0,
                                    "isLinked": false
                                }
                            },
                            "elements": [
                                {
                                    "id": "360a4f0a",
                                    "settings": {
                                        "_column_size": 33,
                                        "_inline_size": 25,
                                        "_inline_size_tablet": 20,
                                        "hide_mobile": "hidden-phone"
                                    },
                                    "elements": [],
                                    "isInner": true,
                                    "elType": "column"
                                },
                                {
                                    "id": "50319d37",
                                    "settings": {
                                        "_column_size": 33,
                                        "_inline_size": 49.664,
                                        "_inline_size_tablet": 60
                                    },
                                    "elements": [
                                        {
                                            "id": "72bc5889",
                                            "settings": {
                                                "align": "center",
                                                "text_color": "#000000",
                                                "typography_typography": "custom",
                                                "typography_font_family": "Muli",
                                                "typography_font_size": {
                                                    "unit": "px",
                                                    "size": 18,
                                                    "sizes": []
                                                },
                                                "typography_line_height": {
                                                    "unit": "em",
                                                    "size": 1.5,
                                                    "sizes": []
                                                },
                                                "_animation": "fadeInUp",
                                                "_animation_delay": 300,
                                                "typography_font_weight": "400",
                                                "typography_text_transform": "none",
                                                "typography_font_style": "normal",
                                                "typography_text_decoration": "none",
                                                "typography_letter_spacing": {
                                                    "unit": "px",
                                                    "size": 0,
                                                    "sizes": []
                                                }
                                            },
                                            "elements": [],
                                            "isInner": false,
                                            "widgetType": "text-editor",
                                            "elType": "widget"
                                        }
                                    ],
                                    "isInner": true,
                                    "elType": "column"
                                },
                                {
                                    "id": "679561ba",
                                    "settings": {
                                        "_column_size": 33,
                                        "_inline_size": 25,
                                        "_inline_size_tablet": 20,
                                        "hide_mobile": "hidden-phone"
                                    },
                                    "elements": [],
                                    "isInner": true,
                                    "elType": "column"
                                }
                            ],
                            "isInner": true,
                            "elType": "section"
                        }
                    ],
                    "isInner": false,
                    "elType": "column"
                }
            ],
            "isInner": false,
            "elType": "section"
        },
        {
            "id": "58d06582",
            "settings": {
                "gap": "wider",
                "structure": "30",
                "padding_mobile": {
                    "unit": "px",
                    "top": "0",
                    "right": "10",
                    "bottom": "0",
                    "left": "10",
                    "isLinked": false
                },
                "padding": {
                    "unit": "px",
                    "top": "0",
                    "right": "0",
                    "bottom": "50",
                    "left": "0",
                    "isLinked": false
                }
            },
            "elements": [
                {
                    "id": "60885aec",
                    "settings": {
                        "_column_size": 33,
                        "_inline_size": null,
                        "animation": "zoomIn",
                        "animation_duration": "fast",
                        "animation_delay": 700
                    },
                    "elements": [
                        {
                            "id": "6a9c1dd5",
                            "settings": {
                                "title": " Single",
                                "align": "center",
                                "title_color": "#000000",
                                "typography_typography": "custom",
                                "typography_font_family": "Work Sans",
                                "typography_font_size": {
                                    "unit": "em",
                                    "size": 1.5,
                                    "sizes": []
                                },
                                "typography_font_weight": "500",
                                "typography_line_height": {
                                    "unit": "em",
                                    "size": 1.2,
                                    "sizes": []
                                },
                                "typography_letter_spacing": {
                                    "unit": "px",
                                    "size": -1,
                                    "sizes": []
                                },
                                "typography_font_size_tablet": {
                                    "unit": "em",
                                    "size": 1.5,
                                    "sizes": []
                                },
                                "typography_font_size_mobile": {
                                    "unit": "em",
                                    "size": 1.5,
                                    "sizes": []
                                },
                                "typography_line_height_tablet": {
                                    "unit": "em",
                                    "size": 1.5,
                                    "sizes": []
                                },
                                "typography_line_height_mobile": {
                                    "unit": "em",
                                    "size": 1.5,
                                    "sizes": []
                                },
                                "typography_letter_spacing_tablet": {
                                    "unit": "px",
                                    "size": -1,
                                    "sizes": []
                                },
                                "header_size": "h3",
                                "_margin": {
                                    "unit": "px",
                                    "top": "20",
                                    "right": "0",
                                    "bottom": "0",
                                    "left": "0",
                                    "isLinked": false
                                },
                                "typography_text_transform": "capitalize",
                                "typography_font_style": "normal",
                                "typography_text_decoration": "none"
                            },
                            "elements": [],
                            "isInner": false,
                            "widgetType": "heading",
                            "elType": "widget"
                        },
                        {
                            "id": "3aae919",
                            "settings": {
                                "style": "zigzag",
                                "width": {
                                    "unit": "%",
                                    "size": 22,
                                    "sizes": []
                                },
                                "align": "center",
                                "text": "Divider",
                                "pattern_height": {
                                    "unit": "px",
                                    "size": 10.9,
                                    "sizes": []
                                },
                                "pattern_size": {
                                    "unit": "px",
                                    "size": 16.1,
                                    "sizes": []
                                },
                                "gap": {
                                    "unit": "px",
                                    "size": 2,
                                    "sizes": []
                                }
                            },
                            "elements": [],
                            "isInner": false,
                            "widgetType": "divider",
                            "elType": "widget"
                        },
                        {
                            "id": "7abe04df",
                            "settings": {
                                "image": {
                                    "url": "https:\/\/kit.themevan.com\/medisale\/wp-content\/uploads\/sites\/2\/2020\/02\/blood-pressure-monitor-2.png",
                                    "id": 247
                                }
                            },
                            "elements": [],
                            "isInner": false,
                            "widgetType": "image",
                            "elType": "widget"
                        },
                        {
                            "id": "5d26b997",
                            "settings": {
                                "title": "$59",
                                "align": "center",
                                "title_color": "#000000",
                                "typography_typography": "custom",
                                "typography_font_family": "Work Sans",
                                "typography_font_size": {
                                    "unit": "em",
                                    "size": 2.5,
                                    "sizes": []
                                },
                                "typography_font_weight": "500",
                                "typography_line_height": {
                                    "unit": "em",
                                    "size": 1.2,
                                    "sizes": []
                                },
                                "typography_letter_spacing": {
                                    "unit": "px",
                                    "size": -2,
                                    "sizes": []
                                },
                                "typography_font_size_tablet": {
                                    "unit": "em",
                                    "size": 2,
                                    "sizes": []
                                },
                                "typography_font_size_mobile": {
                                    "unit": "em",
                                    "size": 1.5,
                                    "sizes": []
                                },
                                "typography_line_height_tablet": {
                                    "unit": "em",
                                    "size": 1.2,
                                    "sizes": []
                                },
                                "typography_line_height_mobile": {
                                    "unit": "em",
                                    "size": 1.5,
                                    "sizes": []
                                },
                                "typography_letter_spacing_tablet": {
                                    "unit": "px",
                                    "size": -1,
                                    "sizes": []
                                },
                                "header_size": "h4"
                            },
                            "elements": [],
                            "isInner": false,
                            "widgetType": "heading",
                            "elType": "widget"
                        },
                        {
                            "id": "bd12037",
                            "settings": {
                                "icon_list": [
                                    {
                                        "text": "1 Year Support",
                                        "selected_icon": {
                                            "value": "far fa-life-ring",
                                            "library": "fa-regular"
                                        },
                                        "_id": "3080ea0",
                                        "link": {
                                            "url": "",
                                            "is_external": "",
                                            "nofollow": "",
                                            "custom_attributes": ""
                                        }
                                    },
                                    {
                                        "text": "30 Days Money Back",
                                        "selected_icon": {
                                            "value": "fas fa-dollar-sign",
                                            "library": "fa-solid"
                                        },
                                        "_id": "e6067ce",
                                        "link": {
                                            "url": "",
                                            "is_external": "",
                                            "nofollow": "",
                                            "custom_attributes": ""
                                        }
                                    },
                                    {
                                        "text": "Free Shipping",
                                        "selected_icon": {
                                            "value": "fas fa-shipping-fast",
                                            "library": "fa-solid"
                                        },
                                        "link": {
                                            "url": "",
                                            "is_external": "",
                                            "nofollow": "",
                                            "custom_attributes": ""
                                        },
                                        "_id": "4498344"
                                    }
                                ],
                                "space_between": {
                                    "unit": "px",
                                    "size": 20,
                                    "sizes": []
                                },
                                "icon_align": "center",
                                "divider": "yes",
                                "divider_color": "#EEEEEE",
                                "text_color": "#000000",
                                "icon_typography_typography": "custom",
                                "icon_typography_font_family": "Muli",
                                "icon_typography_font_size": {
                                    "unit": "px",
                                    "size": 16,
                                    "sizes": []
                                },
                                "icon_typography_line_height": {
                                    "unit": "em",
                                    "size": 1.5,
                                    "sizes": []
                                },
                                "icon_color": "#E69B44",
                                "icon_typography_font_weight": "400",
                                "icon_typography_text_transform": "none",
                                "icon_typography_font_style": "normal",
                                "icon_typography_text_decoration": "none",
                                "icon_typography_letter_spacing": {
                                    "unit": "px",
                                    "size": 0,
                                    "sizes": []
                                }
                            },
                            "elements": [],
                            "isInner": false,
                            "widgetType": "icon-list",
                            "elType": "widget"
                        },
                        {
                            "id": "4572ec28",
                            "settings": {
                                "text": "Buy Now",
                                "size": "xs",
                                "border_radius": {
                                    "unit": "px",
                                    "top": "50",
                                    "right": "50",
                                    "bottom": "50",
                                    "left": "50",
                                    "isLinked": true
                                },
                                "typography_typography": "custom",
                                "typography_font_family": "Work Sans",
                                "typography_font_size": {
                                    "unit": "px",
                                    "size": 16,
                                    "sizes": []
                                },
                                "typography_font_weight": "600",
                                "background_color": "#1BC8B1",
                                "hover_animation": "shrink",
                                "align": "center",
                                "_margin": {
                                    "unit": "px",
                                    "top": "30",
                                    "right": "0",
                                    "bottom": "0",
                                    "left": "0",
                                    "isLinked": false
                                },
                                "typography_text_transform": "capitalize",
                                "typography_font_style": "normal",
                                "typography_text_decoration": "none",
                                "typography_line_height": {
                                    "unit": "em",
                                    "size": 1.5,
                                    "sizes": []
                                },
                                "typography_letter_spacing": {
                                    "unit": "px",
                                    "size": 0,
                                    "sizes": []
                                }
                            },
                            "elements": [],
                            "isInner": false,
                            "widgetType": "button",
                            "elType": "widget"
                        }
                    ],
                    "isInner": false,
                    "elType": "column"
                },
                {
                    "id": "40a15cb7",
                    "settings": {
                        "_column_size": 33,
                        "_inline_size": null,
                        "background_background": "classic",
                        "background_color": "#1BC8B1",
                        "box_shadow_box_shadow_type": "yes",
                        "box_shadow_box_shadow": {
                            "horizontal": 0,
                            "vertical": 0,
                            "blur": 32,
                            "spread": 9,
                            "color": "rgba(0, 0, 0, 0.17)"
                        },
                        "margin": {
                            "unit": "px",
                            "top": "-50",
                            "right": "0",
                            "bottom": "0",
                            "left": "0",
                            "isLinked": false
                        },
                        "margin_mobile": {
                            "unit": "px",
                            "top": "0",
                            "right": "0",
                            "bottom": "0",
                            "left": "0",
                            "isLinked": false
                        },
                        "animation": "zoomIn",
                        "animation_duration": "fast",
                        "animation_delay": 900
                    },
                    "elements": [
                        {
                            "id": "4d592931",
                            "settings": {
                                "title": "More Than 10",
                                "align": "center",
                                "title_color": "#FFFFFF",
                                "typography_typography": "custom",
                                "typography_font_family": "Work Sans",
                                "typography_font_size": {
                                    "unit": "em",
                                    "size": 1.8,
                                    "sizes": []
                                },
                                "typography_font_weight": "500",
                                "typography_line_height": {
                                    "unit": "em",
                                    "size": 1.2,
                                    "sizes": []
                                },
                                "typography_letter_spacing": {
                                    "unit": "px",
                                    "size": -1,
                                    "sizes": []
                                },
                                "typography_font_size_tablet": {
                                    "unit": "em",
                                    "size": 1.8,
                                    "sizes": []
                                },
                                "typography_font_size_mobile": {
                                    "unit": "em",
                                    "size": 1.5,
                                    "sizes": []
                                },
                                "typography_line_height_tablet": {
                                    "unit": "em",
                                    "size": 1.5,
                                    "sizes": []
                                },
                                "typography_line_height_mobile": {
                                    "unit": "em",
                                    "size": 1.5,
                                    "sizes": []
                                },
                                "typography_letter_spacing_tablet": {
                                    "unit": "px",
                                    "size": -1,
                                    "sizes": []
                                },
                                "header_size": "h3",
                                "_margin": {
                                    "unit": "px",
                                    "top": "20",
                                    "right": "0",
                                    "bottom": "0",
                                    "left": "0",
                                    "isLinked": false
                                },
                                "typography_text_transform": "capitalize",
                                "typography_font_style": "normal",
                                "typography_text_decoration": "none"
                            },
                            "elements": [],
                            "isInner": false,
                            "widgetType": "heading",
                            "elType": "widget"
                        },
                        {
                            "id": "25cb7800",
                            "settings": {
                                "style": "zigzag",
                                "width": {
                                    "unit": "%",
                                    "size": 25,
                                    "sizes": []
                                },
                                "align": "center",
                                "text": "Divider",
                                "color": "#FFFFFF",
                                "weight": {
                                    "unit": "px",
                                    "size": 4,
                                    "sizes": []
                                },
                                "pattern_height": {
                                    "unit": "px",
                                    "size": 10.9,
                                    "sizes": []
                                },
                                "pattern_size": {
                                    "unit": "px",
                                    "size": 16.1,
                                    "sizes": []
                                },
                                "gap": {
                                    "unit": "px",
                                    "size": 2,
                                    "sizes": []
                                }
                            },
                            "elements": [],
                            "isInner": false,
                            "widgetType": "divider",
                            "elType": "widget"
                        },
                        {
                            "id": "55e4bf29",
                            "settings": {
                                "image": {
                                    "url": "https:\/\/kit.themevan.com\/medisale\/wp-content\/uploads\/sites\/2\/2020\/02\/blood-pressure-monitor.png",
                                    "id": 223
                                }
                            },
                            "elements": [],
                            "isInner": false,
                            "widgetType": "image",
                            "elType": "widget"
                        },
                        {
                            "id": "60d55f31",
                            "settings": {
                                "title": "$49",
                                "align": "center",
                                "title_color": "#FFFFFF",
                                "typography_typography": "custom",
                                "typography_font_family": "Work Sans",
                                "typography_font_size": {
                                    "unit": "em",
                                    "size": 3,
                                    "sizes": []
                                },
                                "typography_font_weight": "500",
                                "typography_line_height": {
                                    "unit": "em",
                                    "size": 1.2,
                                    "sizes": []
                                },
                                "typography_letter_spacing": {
                                    "unit": "px",
                                    "size": -2,
                                    "sizes": []
                                },
                                "typography_font_size_tablet": {
                                    "unit": "em",
                                    "size": 2,
                                    "sizes": []
                                },
                                "typography_font_size_mobile": {
                                    "unit": "em",
                                    "size": 1.5,
                                    "sizes": []
                                },
                                "typography_line_height_tablet": {
                                    "unit": "em",
                                    "size": 1.2,
                                    "sizes": []
                                },
                                "typography_line_height_mobile": {
                                    "unit": "em",
                                    "size": 1.5,
                                    "sizes": []
                                },
                                "typography_letter_spacing_tablet": {
                                    "unit": "px",
                                    "size": -1,
                                    "sizes": []
                                },
                                "header_size": "h4"
                            },
                            "elements": [],
                            "isInner": false,
                            "widgetType": "heading",
                            "elType": "widget"
                        },
                        {
                            "id": "1ed9e20b",
                            "settings": {
                                "icon_list": [
                                    {
                                        "text": "1 Year Support",
                                        "selected_icon": {
                                            "value": "far fa-life-ring",
                                            "library": "fa-regular"
                                        },
                                        "_id": "3080ea0",
                                        "link": {
                                            "url": "",
                                            "is_external": "",
                                            "nofollow": "",
                                            "custom_attributes": ""
                                        }
                                    },
                                    {
                                        "text": "30 Days Money Back",
                                        "selected_icon": {
                                            "value": "fas fa-dollar-sign",
                                            "library": "fa-solid"
                                        },
                                        "_id": "e6067ce",
                                        "link": {
                                            "url": "",
                                            "is_external": "",
                                            "nofollow": "",
                                            "custom_attributes": ""
                                        }
                                    },
                                    {
                                        "text": "Free Shipping",
                                        "selected_icon": {
                                            "value": "fas fa-shipping-fast",
                                            "library": "fa-solid"
                                        },
                                        "link": {
                                            "url": "",
                                            "is_external": "",
                                            "nofollow": "",
                                            "custom_attributes": ""
                                        },
                                        "_id": "4498344"
                                    }
                                ],
                                "space_between": {
                                    "unit": "px",
                                    "size": 20,
                                    "sizes": []
                                },
                                "icon_align": "center",
                                "divider": "yes",
                                "divider_color": "rgba(255, 255, 255, 0.38)",
                                "icon_color": "#FFFFFF",
                                "text_color": "#FFFFFF",
                                "icon_typography_typography": "custom",
                                "icon_typography_font_family": "Muli",
                                "icon_typography_font_size": {
                                    "unit": "px",
                                    "size": 16,
                                    "sizes": []
                                },
                                "icon_typography_line_height": {
                                    "unit": "em",
                                    "size": 1.5,
                                    "sizes": []
                                },
                                "icon_typography_font_weight": "400",
                                "icon_typography_text_transform": "none",
                                "icon_typography_font_style": "normal",
                                "icon_typography_text_decoration": "none",
                                "icon_typography_letter_spacing": {
                                    "unit": "px",
                                    "size": 0,
                                    "sizes": []
                                }
                            },
                            "elements": [],
                            "isInner": false,
                            "widgetType": "icon-list",
                            "elType": "widget"
                        },
                        {
                            "id": "71679452",
                            "settings": {
                                "text": "Buy Now",
                                "size": "md",
                                "border_radius": {
                                    "unit": "px",
                                    "top": "50",
                                    "right": "50",
                                    "bottom": "50",
                                    "left": "50",
                                    "isLinked": true
                                },
                                "typography_typography": "custom",
                                "typography_font_family": "Work Sans",
                                "typography_font_size": {
                                    "unit": "px",
                                    "size": 16,
                                    "sizes": []
                                },
                                "typography_font_weight": "600",
                                "background_color": "#FFFFFF",
                                "hover_animation": "shrink",
                                "align": "center",
                                "button_text_color": "#000000",
                                "_margin": {
                                    "unit": "px",
                                    "top": "30",
                                    "right": "0",
                                    "bottom": "0",
                                    "left": "0",
                                    "isLinked": false
                                },
                                "typography_text_transform": "capitalize",
                                "typography_font_style": "normal",
                                "typography_text_decoration": "none",
                                "typography_line_height": {
                                    "unit": "em",
                                    "size": 1.4,
                                    "sizes": []
                                },
                                "typography_letter_spacing": {
                                    "unit": "px",
                                    "size": 0,
                                    "sizes": []
                                }
                            },
                            "elements": [],
                            "isInner": false,
                            "widgetType": "button",
                            "elType": "widget"
                        }
                    ],
                    "isInner": false,
                    "elType": "column"
                },
                {
                    "id": "52eb2352",
                    "settings": {
                        "_column_size": 33,
                        "_inline_size": null,
                        "animation": "zoomIn",
                        "animation_duration": "fast",
                        "animation_delay": 1100
                    },
                    "elements": [
                        {
                            "id": "22829a87",
                            "settings": {
                                "title": "More Than 100",
                                "align": "center",
                                "title_color": "#000000",
                                "typography_typography": "custom",
                                "typography_font_family": "Work Sans",
                                "typography_font_size": {
                                    "unit": "em",
                                    "size": 1.5,
                                    "sizes": []
                                },
                                "typography_font_weight": "500",
                                "typography_line_height": {
                                    "unit": "em",
                                    "size": 1.2,
                                    "sizes": []
                                },
                                "typography_letter_spacing": {
                                    "unit": "px",
                                    "size": -1,
                                    "sizes": []
                                },
                                "typography_font_size_tablet": {
                                    "unit": "em",
                                    "size": 1.5,
                                    "sizes": []
                                },
                                "typography_font_size_mobile": {
                                    "unit": "em",
                                    "size": 1.5,
                                    "sizes": []
                                },
                                "typography_line_height_tablet": {
                                    "unit": "em",
                                    "size": 1.5,
                                    "sizes": []
                                },
                                "typography_line_height_mobile": {
                                    "unit": "em",
                                    "size": 1.5,
                                    "sizes": []
                                },
                                "typography_letter_spacing_tablet": {
                                    "unit": "px",
                                    "size": -1,
                                    "sizes": []
                                },
                                "header_size": "h3",
                                "_margin": {
                                    "unit": "px",
                                    "top": "20",
                                    "right": "0",
                                    "bottom": "0",
                                    "left": "0",
                                    "isLinked": false
                                },
                                "typography_text_transform": "capitalize",
                                "typography_font_style": "normal",
                                "typography_text_decoration": "none"
                            },
                            "elements": [],
                            "isInner": false,
                            "widgetType": "heading",
                            "elType": "widget"
                        },
                        {
                            "id": "7057d340",
                            "settings": {
                                "style": "zigzag",
                                "width": {
                                    "unit": "%",
                                    "size": 22,
                                    "sizes": []
                                },
                                "align": "center",
                                "text": "Divider",
                                "pattern_height": {
                                    "unit": "px",
                                    "size": 10.9,
                                    "sizes": []
                                },
                                "pattern_size": {
                                    "unit": "px",
                                    "size": 16.1,
                                    "sizes": []
                                },
                                "gap": {
                                    "unit": "px",
                                    "size": 2,
                                    "sizes": []
                                }
                            },
                            "elements": [],
                            "isInner": false,
                            "widgetType": "divider",
                            "elType": "widget"
                        },
                        {
                            "id": "5fc216d5",
                            "settings": {
                                "image": {
                                    "url": "https:\/\/kit.themevan.com\/medisale\/wp-content\/uploads\/sites\/2\/2020\/02\/blood-pressure-monitor-3.png",
                                    "id": 273
                                }
                            },
                            "elements": [],
                            "isInner": false,
                            "widgetType": "image",
                            "elType": "widget"
                        },
                        {
                            "id": "224cadf8",
                            "settings": {
                                "title": "$39",
                                "align": "center",
                                "title_color": "#000000",
                                "typography_typography": "custom",
                                "typography_font_family": "Work Sans",
                                "typography_font_size": {
                                    "unit": "em",
                                    "size": 2.5,
                                    "sizes": []
                                },
                                "typography_font_weight": "500",
                                "typography_line_height": {
                                    "unit": "em",
                                    "size": 1.2,
                                    "sizes": []
                                },
                                "typography_letter_spacing": {
                                    "unit": "px",
                                    "size": -2,
                                    "sizes": []
                                },
                                "typography_font_size_tablet": {
                                    "unit": "em",
                                    "size": 2,
                                    "sizes": []
                                },
                                "typography_font_size_mobile": {
                                    "unit": "em",
                                    "size": 1.5,
                                    "sizes": []
                                },
                                "typography_line_height_tablet": {
                                    "unit": "em",
                                    "size": 1.2,
                                    "sizes": []
                                },
                                "typography_line_height_mobile": {
                                    "unit": "em",
                                    "size": 1.5,
                                    "sizes": []
                                },
                                "typography_letter_spacing_tablet": {
                                    "unit": "px",
                                    "size": -1,
                                    "sizes": []
                                },
                                "header_size": "h4"
                            },
                            "elements": [],
                            "isInner": false,
                            "widgetType": "heading",
                            "elType": "widget"
                        },
                        {
                            "id": "7dc854f3",
                            "settings": {
                                "icon_list": [
                                    {
                                        "text": "2 Year Support",
                                        "selected_icon": {
                                            "value": "far fa-life-ring",
                                            "library": "fa-regular"
                                        },
                                        "_id": "3080ea0",
                                        "link": {
                                            "url": "",
                                            "is_external": "",
                                            "nofollow": "",
                                            "custom_attributes": ""
                                        }
                                    },
                                    {
                                        "text": "90 Days Money Back",
                                        "selected_icon": {
                                            "value": "fas fa-dollar-sign",
                                            "library": "fa-solid"
                                        },
                                        "_id": "e6067ce",
                                        "link": {
                                            "url": "",
                                            "is_external": "",
                                            "nofollow": "",
                                            "custom_attributes": ""
                                        }
                                    },
                                    {
                                        "text": "Free Shipping",
                                        "selected_icon": {
                                            "value": "fas fa-shipping-fast",
                                            "library": "fa-solid"
                                        },
                                        "link": {
                                            "url": "",
                                            "is_external": "",
                                            "nofollow": "",
                                            "custom_attributes": ""
                                        },
                                        "_id": "4498344"
                                    }
                                ],
                                "space_between": {
                                    "unit": "px",
                                    "size": 20,
                                    "sizes": []
                                },
                                "icon_align": "center",
                                "divider": "yes",
                                "divider_color": "#EEEEEE",
                                "text_color": "#000000",
                                "icon_typography_typography": "custom",
                                "icon_typography_font_family": "Muli",
                                "icon_typography_font_size": {
                                    "unit": "px",
                                    "size": 16,
                                    "sizes": []
                                },
                                "icon_typography_line_height": {
                                    "unit": "em",
                                    "size": 1.5,
                                    "sizes": []
                                },
                                "icon_color": "#E69B44",
                                "icon_typography_font_weight": "400",
                                "icon_typography_text_transform": "none",
                                "icon_typography_font_style": "normal",
                                "icon_typography_text_decoration": "none",
                                "icon_typography_letter_spacing": {
                                    "unit": "px",
                                    "size": 0,
                                    "sizes": []
                                }
                            },
                            "elements": [],
                            "isInner": false,
                            "widgetType": "icon-list",
                            "elType": "widget"
                        },
                        {
                            "id": "67d291f3",
                            "settings": {
                                "text": "Buy Now",
                                "size": "xs",
                                "border_radius": {
                                    "unit": "px",
                                    "top": "50",
                                    "right": "50",
                                    "bottom": "50",
                                    "left": "50",
                                    "isLinked": true
                                },
                                "typography_typography": "custom",
                                "typography_font_family": "Work Sans",
                                "typography_font_size": {
                                    "unit": "px",
                                    "size": 16,
                                    "sizes": []
                                },
                                "typography_font_weight": "600",
                                "background_color": "#1BC8B1",
                                "hover_animation": "shrink",
                                "align": "center",
                                "_margin": {
                                    "unit": "px",
                                    "top": "30",
                                    "right": "0",
                                    "bottom": "0",
                                    "left": "0",
                                    "isLinked": false
                                },
                                "typography_text_transform": "capitalize",
                                "typography_font_style": "normal",
                                "typography_text_decoration": "none",
                                "typography_line_height": {
                                    "unit": "em",
                                    "size": 1.5,
                                    "sizes": []
                                },
                                "typography_letter_spacing": {
                                    "unit": "px",
                                    "size": 0,
                                    "sizes": []
                                }
                            },
                            "elements": [],
                            "isInner": false,
                            "widgetType": "button",
                            "elType": "widget"
                        }
                    ],
                    "isInner": false,
                    "elType": "column"
                }
            ],
            "isInner": false,
            "elType": "section"
        },
        {
            "id": "48aa9151",
            "settings": {
                "gap": "wider",
                "structure": "30",
                "padding": {
                    "unit": "px",
                    "top": "50",
                    "right": "0",
                    "bottom": "50",
                    "left": "0",
                    "isLinked": false
                },
                "padding_mobile": {
                    "unit": "px",
                    "top": "0",
                    "right": "01",
                    "bottom": "0",
                    "left": "10",
                    "isLinked": false
                }
            },
            "elements": [
                {
                    "id": "930a1",
                    "settings": {
                        "_column_size": 33,
                        "_inline_size": 28.317,
                        "_inline_size_tablet": 30,
                        "z_index": 1
                    },
                    "elements": [
                        {
                            "id": "4c7b70b7",
                            "settings": {
                                "title": "Frequently Asked Questions",
                                "align": "right",
                                "title_color": "#000000",
                                "typography_typography": "custom",
                                "typography_font_family": "Work Sans",
                                "typography_font_size": {
                                    "unit": "em",
                                    "size": 2.5,
                                    "sizes": []
                                },
                                "typography_font_size_mobile": {
                                    "unit": "em",
                                    "size": 2,
                                    "sizes": []
                                },
                                "typography_font_weight": "500",
                                "typography_line_height": {
                                    "unit": "em",
                                    "size": 1.2,
                                    "sizes": []
                                },
                                "typography_line_height_mobile": {
                                    "unit": "em",
                                    "size": 1.2,
                                    "sizes": []
                                },
                                "typography_letter_spacing": {
                                    "unit": "px",
                                    "size": -2,
                                    "sizes": []
                                },
                                "typography_letter_spacing_mobile": {
                                    "unit": "px",
                                    "size": -1,
                                    "sizes": []
                                },
                                "_animation": "fadeInUp",
                                "align_mobile": "center",
                                "_margin": {
                                    "unit": "px",
                                    "top": "20",
                                    "right": "-40",
                                    "bottom": "0",
                                    "left": "0",
                                    "isLinked": false
                                },
                                "_margin_mobile": {
                                    "unit": "px",
                                    "top": "0",
                                    "right": "0",
                                    "bottom": "0",
                                    "left": "0",
                                    "isLinked": false
                                },
                                "typography_text_transform": "capitalize",
                                "typography_font_style": "normal",
                                "typography_text_decoration": "none"
                            },
                            "elements": [],
                            "isInner": false,
                            "widgetType": "heading",
                            "elType": "widget"
                        },
                        {
                            "id": "5d947117",
                            "settings": {
                                "text": "More Questions",
                                "align": "right",
                                "size": "xs",
                                "typography_typography": "custom",
                                "typography_font_family": "Work Sans",
                                "typography_font_size": {
                                    "unit": "px",
                                    "size": 16,
                                    "sizes": []
                                },
                                "typography_font_weight": "500",
                                "typography_text_transform": "capitalize",
                                "typography_font_style": "normal",
                                "typography_text_decoration": "none",
                                "typography_line_height": {
                                    "unit": "em",
                                    "size": 1.5,
                                    "sizes": []
                                },
                                "typography_letter_spacing": {
                                    "unit": "px",
                                    "size": 0,
                                    "sizes": []
                                },
                                "button_text_color": "#1BC8B1",
                                "background_color": "rgba(2, 1, 1, 0)",
                                "hover_color": "#FFFFFF",
                                "button_background_hover_color": "#1BC8B1",
                                "border_border": "solid",
                                "border_width": {
                                    "unit": "px",
                                    "top": "1",
                                    "right": "1",
                                    "bottom": "1",
                                    "left": "1",
                                    "isLinked": true
                                },
                                "border_color": "#1BC8B1",
                                "_margin": {
                                    "unit": "px",
                                    "top": "20",
                                    "right": "-40",
                                    "bottom": "0",
                                    "left": "0",
                                    "isLinked": false
                                }
                            },
                            "elements": [],
                            "isInner": false,
                            "widgetType": "button",
                            "elType": "widget"
                        }
                    ],
                    "isInner": false,
                    "elType": "column"
                },
                {
                    "id": "573c668d",
                    "settings": {
                        "_column_size": 33,
                        "_inline_size": 59.406,
                        "_inline_size_tablet": 70,
                        "background_background": "classic",
                        "background_color": "#FFFBF7",
                        "margin": {
                            "unit": "px",
                            "top": "0",
                            "right": "0",
                            "bottom": "0",
                            "left": "-20",
                            "isLinked": false
                        },
                        "margin_mobile": {
                            "unit": "px",
                            "top": "0",
                            "right": "0",
                            "bottom": "0",
                            "left": "0",
                            "isLinked": false
                        },
                        "padding": {
                            "unit": "px",
                            "top": "50",
                            "right": "50",
                            "bottom": "50",
                            "left": "90",
                            "isLinked": false
                        },
                        "padding_mobile": {
                            "unit": "px",
                            "top": "30",
                            "right": "30",
                            "bottom": "30",
                            "left": "30",
                            "isLinked": true
                        }
                    },
                    "elements": [
                        {
                            "id": "18593a61",
                            "settings": {
                                "tabs": [
                                    {
                                        "tab_title": "How much the shipping fee?",
                                        "tab_content": "<p>Lorem ipsum dolor sit amet, consectetur adipiscing elit. Ut elit tellus, luctus nec ullamcorper mattis, pulvinar dapibus leo.<\/p><ul><li>Lorem ipsum dolor sit amet<\/li><li>Consectetur adipiscing elit.<\/li><li>Ut elit tellus luctus nec ullamcorper mattis.<\/li><li>pulvinar dapibus leo.<\/li><\/ul>",
                                        "_id": "251f6c8"
                                    },
                                    {
                                        "tab_title": "How long the shipping time?",
                                        "tab_content": "<p>Lorem ipsum dolor sit amet, consectetur adipiscing elit. Ut elit tellus, luctus nec ullamcorper mattis, pulvinar dapibus leo.<\/p>",
                                        "_id": "6ada430"
                                    },
                                    {
                                        "tab_title": "Can I ask a refund if I can't get the support?",
                                        "tab_content": "<p>Lorem ipsum dolor sit amet, consectetur adipiscing elit. Ut elit tellus, luctus nec ullamcorper mattis, pulvinar dapibus leo.<\/p>",
                                        "_id": "3cbcb65"
                                    },
                                    {
                                        "tab_title": "Should I pay for the exchange fee?",
                                        "tab_content": "<p>Lorem ipsum dolor sit amet, consectetur adipiscing elit. Ut elit tellus, luctus nec ullamcorper mattis, pulvinar dapibus leo.<\/p>",
                                        "_id": "26975ee"
                                    },
                                    {
                                        "tab_title": "Is it friendly for old people using by themselves?",
                                        "tab_content": "<p>Lorem ipsum dolor sit amet, consectetur adipiscing elit. Ut elit tellus, luctus nec ullamcorper mattis, pulvinar dapibus leo.<\/p>",
                                        "_id": "3a89c98"
                                    },
                                    {
                                        "tab_title": "How long the life cycle?",
                                        "tab_content": "<p>Lorem ipsum dolor sit amet, consectetur adipiscing elit. Ut elit tellus, luctus nec ullamcorper mattis, pulvinar dapibus leo.<\/p>",
                                        "_id": "14ad5d8"
                                    },
                                    {
                                        "tab_title": "How much if we purchase more than 1000+?",
                                        "tab_content": "<p>Lorem ipsum dolor sit amet, consectetur adipiscing elit. Ut elit tellus, luctus nec ullamcorper mattis, pulvinar dapibus leo.<\/p>",
                                        "_id": "baced98"
                                    }
                                ],
                                "border_color": "rgba(255, 255, 255, 0)",
                                "tab_active_color": "#E69B44",
                                "title_typography_typography": "custom",
                                "title_typography_font_family": "Work Sans",
                                "title_typography_font_weight": "700",
                                "title_typography_line_height": {
                                    "unit": "em",
                                    "size": 1.5,
                                    "sizes": []
                                },
                                "title_padding": {
                                    "unit": "px",
                                    "top": "5",
                                    "right": "0",
                                    "bottom": "10",
                                    "left": "0",
                                    "isLinked": false
                                },
                                "icon_align": "right",
                                "content_color": "#2C2C2C",
                                "content_typography_typography": "custom",
                                "content_typography_font_family": "Muli",
                                "content_typography_font_size": {
                                    "unit": "px",
                                    "size": 14,
                                    "sizes": []
                                },
                                "content_padding": {
                                    "unit": "px",
                                    "top": "5",
                                    "right": "0",
                                    "bottom": "5",
                                    "left": "0",
                                    "isLinked": false
                                },
                                "_animation": "fadeInUp",
                                "_animation_delay": 700,
                                "border_width": {
                                    "unit": "px",
                                    "size": 1,
                                    "sizes": []
                                },
                                "title_typography_font_size": {
                                    "unit": "px",
                                    "size": 20,
                                    "sizes": []
                                },
                                "title_typography_font_size_mobile": {
                                    "unit": "px",
                                    "size": 16,
                                    "sizes": []
                                },
                                "content_typography_line_height": {
                                    "unit": "em",
                                    "size": 1.5,
                                    "sizes": []
                                },
                                "title_color": "#000000",
                                "title_typography_text_transform": "none",
                                "title_typography_font_style": "normal",
                                "title_typography_text_decoration": "none",
                                "title_typography_letter_spacing": {
                                    "unit": "px",
                                    "size": 0,
                                    "sizes": []
                                },
                                "content_typography_font_weight": "400",
                                "content_typography_text_transform": "none",
                                "content_typography_font_style": "normal",
                                "content_typography_text_decoration": "none",
                                "content_typography_letter_spacing": {
                                    "unit": "px",
                                    "size": 0,
                                    "sizes": []
                                }
                            },
                            "elements": [],
                            "isInner": false,
                            "widgetType": "accordion",
                            "elType": "widget"
                        }
                    ],
                    "isInner": false,
                    "elType": "column"
                },
                {
                    "id": "aa39836",
                    "settings": {
                        "_column_size": 33,
                        "_inline_size": 11.941,
                        "_inline_size_tablet": 100,
                        "hide_tablet": "hidden-tablet",
                        "hide_mobile": "hidden-phone"
                    },
                    "elements": [],
                    "isInner": false,
                    "elType": "column"
                }
            ],
            "isInner": false,
            "elType": "section"
        },
        {
            "id": "31646f15",
            "settings": {
                "height": "min-height",
                "custom_height": {
                    "unit": "px",
                    "size": 250,
                    "sizes": []
                },
                "column_position": "stretch",
                "content_position": "middle",
                "structure": "30",
                "margin": {
                    "unit": "px",
                    "top": "",
                    "right": 0,
                    "bottom": "",
                    "left": 0,
                    "isLinked": true
                },
                "margin_tablet": {
                    "unit": "px",
                    "top": "",
                    "right": 0,
                    "bottom": "",
                    "left": 0,
                    "isLinked": true
                },
                "margin_mobile": {
                    "unit": "px",
                    "top": "0",
                    "right": 0,
                    "bottom": "0",
                    "left": 0,
                    "isLinked": false
                },
                "padding": {
                    "unit": "px",
                    "top": "0",
                    "right": "0",
                    "bottom": "40",
                    "left": "0",
                    "isLinked": false
                }
            },
            "elements": [
                {
                    "id": "59dfc714",
                    "settings": {
                        "_column_size": 33,
                        "_inline_size": 14,
                        "hide_mobile": "hidden-phone"
                    },
                    "elements": [],
                    "isInner": false,
                    "elType": "column"
                },
                {
                    "id": "6b1c0a4c",
                    "settings": {
                        "_column_size": 33,
                        "_inline_size": 71.61,
                        "background_background": "classic",
                        "background_color": "#FFFFFF",
                        "animation": "pulse",
                        "animation_duration": "slow",
                        "animation_delay": 200
                    },
                    "elements": [
                        {
                            "id": "28f4b02d",
                            "settings": {
                                "title": "Our Customers Said",
                                "align": "center",
                                "title_color": "#000000",
                                "typography_typography": "custom",
                                "typography_font_family": "Work Sans",
                                "typography_font_size": {
                                    "unit": "em",
                                    "size": 2.5,
                                    "sizes": []
                                },
                                "typography_font_weight": "500",
                                "typography_line_height": {
                                    "unit": "em",
                                    "size": 1.2,
                                    "sizes": []
                                },
                                "typography_letter_spacing": {
                                    "unit": "px",
                                    "size": -2,
                                    "sizes": []
                                },
                                "typography_font_size_tablet": {
                                    "unit": "em",
                                    "size": 2,
                                    "sizes": []
                                },
                                "typography_font_size_mobile": {
                                    "unit": "em",
                                    "size": 1.5,
                                    "sizes": []
                                },
                                "typography_line_height_tablet": {
                                    "unit": "em",
                                    "size": 1.2,
                                    "sizes": []
                                },
                                "typography_line_height_mobile": {
                                    "unit": "em",
                                    "size": 1.5,
                                    "sizes": []
                                },
                                "typography_letter_spacing_tablet": {
                                    "unit": "px",
                                    "size": -1,
                                    "sizes": []
                                },
                                "_animation": "fadeInUp",
                                "typography_text_transform": "capitalize",
                                "typography_font_style": "normal",
                                "typography_text_decoration": "none"
                            },
                            "elements": [],
                            "isInner": false,
                            "widgetType": "heading",
                            "elType": "widget"
                        },
                        {
                            "id": "1d2f9a7c",
                            "settings": {
                                "style": "zigzag",
                                "width": {
                                    "unit": "%",
                                    "size": 10,
                                    "sizes": []
                                },
                                "align": "center",
                                "text": "Divider",
                                "pattern_height": {
                                    "unit": "px",
                                    "size": 14.3,
                                    "sizes": []
                                },
                                "pattern_size": {
                                    "unit": "px",
                                    "size": 15.5,
                                    "sizes": []
                                },
                                "gap": {
                                    "unit": "px",
                                    "size": 6,
                                    "sizes": []
                                },
                                "width_mobile": {
                                    "unit": "%",
                                    "size": 19,
                                    "sizes": []
                                }
                            },
                            "elements": [],
                            "isInner": false,
                            "widgetType": "divider",
                            "elType": "widget"
                        },
                        {
                            "id": "429cc552",
                            "settings": {
                                "testimonial_content": "Lorem ipsum dolor sit amet, consectetur adipiscing elit. Ut elit tellus, luctus nec ullamcorper mattis, pulvinar dapibus leo.",
                                "testimonial_image": {
                                    "url": "https:\/\/kit.themevan.com\/medisale\/wp-content\/uploads\/sites\/2\/2020\/02\/medical-physician-doctor-woman-over-white-TMRDQF6.jpg",
                                    "id": 869
                                },
                                "testimonial_name": "Ane Doe",
                                "testimonial_job": "Doctor",
                                "content_content_color": "#666666",
                                "content_typography_typography": "custom",
                                "content_typography_font_family": "Muli",
                                "content_typography_font_size": {
                                    "unit": "px",
                                    "size": 18,
                                    "sizes": []
                                },
                                "content_typography_line_height": {
                                    "unit": "em",
                                    "size": 1.5,
                                    "sizes": []
                                },
                                "name_text_color": "#000000",
                                "name_typography_typography": "custom",
                                "name_typography_font_family": "Muli",
                                "name_typography_font_size": {
                                    "unit": "px",
                                    "size": 16,
                                    "sizes": []
                                },
                                "name_typography_font_weight": "600",
                                "name_typography_line_height": {
                                    "unit": "em",
                                    "size": 1.5,
                                    "sizes": []
                                },
                                "job_text_color": "#ADADAD",
                                "job_typography_typography": "custom",
                                "job_typography_font_family": "Muli",
                                "job_typography_font_size": {
                                    "unit": "px",
                                    "size": 14,
                                    "sizes": []
                                },
                                "job_typography_line_height": {
                                    "unit": "em",
                                    "size": 1.5,
                                    "sizes": []
                                },
                                "content_typography_font_size_mobile": {
                                    "unit": "px",
                                    "size": 16,
                                    "sizes": []
                                },
                                "_margin": {
                                    "unit": "px",
                                    "top": "0",
                                    "right": "40",
                                    "bottom": "0",
                                    "left": "40",
                                    "isLinked": false
                                },
                                "_margin_mobile": {
                                    "unit": "px",
                                    "top": "0",
                                    "right": "0",
                                    "bottom": "0",
                                    "left": "0",
                                    "isLinked": false
                                },
                                "content_typography_font_weight": "400",
                                "content_typography_text_transform": "none",
                                "content_typography_font_style": "normal",
                                "content_typography_text_decoration": "none",
                                "content_typography_letter_spacing": {
                                    "unit": "px",
                                    "size": 0,
                                    "sizes": []
                                },
                                "name_typography_text_transform": "capitalize",
                                "name_typography_font_style": "normal",
                                "name_typography_text_decoration": "none",
                                "name_typography_letter_spacing": {
                                    "unit": "px",
                                    "size": 0,
                                    "sizes": []
                                },
                                "job_typography_font_weight": "400",
                                "job_typography_text_transform": "capitalize",
                                "job_typography_font_style": "normal",
                                "job_typography_text_decoration": "none",
                                "job_typography_letter_spacing": {
                                    "unit": "px",
                                    "size": 0,
                                    "sizes": []
                                }
                            },
                            "elements": [],
                            "isInner": false,
                            "widgetType": "testimonial",
                            "elType": "widget"
                        }
                    ],
                    "isInner": false,
                    "elType": "column"
                },
                {
                    "id": "386c1f2a",
                    "settings": {
                        "_column_size": 33,
                        "_inline_size": 14,
                        "hide_mobile": "hidden-phone"
                    },
                    "elements": [],
                    "isInner": false,
                    "elType": "column"
                }
            ],
            "isInner": false,
            "elType": "section"
        }
    ]
}