{
    "version": "0.4",
    "title": "Services",
    "type": "page",
    "metadata": {
        "template_type": "single-page",
        "include_in_zip": "1",
        "wp_page_template": "elementor_canvas"
    },
    "content": [
        {
            "id": "1e6b002c",
            "settings": {
                "height": "min-height",
                "background_background": "classic",
                "background_color": "#E9F4F5",
                "background_image": {
                    "url": "https:\/\/kit.themevan.com\/medisale\/wp-content\/uploads\/sites\/2\/2020\/02\/needle-glove.jpg",
                    "id": 500
                },
                "background_position": "top right",
                "background_attachment": "fixed",
                "background_repeat": "no-repeat",
                "background_size": "contain",
                "custom_height": {
                    "unit": "px",
                    "size": 500,
                    "sizes": []
                },
                "structure": "30",
                "background_overlay_background": "classic",
                "background_overlay_color": "#E9F4F5",
                "custom_height_tablet": {
                    "unit": "px",
                    "size": 376,
                    "sizes": []
                },
                "background_overlay_opacity": {
                    "unit": "px",
                    "size": 0.85,
                    "sizes": []
                }
            },
            "elements": [
                {
                    "id": "3d5997b0",
                    "settings": {
                        "_column_size": 33,
                        "_inline_size": 16.337
                    },
                    "elements": [],
                    "isInner": false,
                    "elType": "column"
                },
                {
                    "id": "5e002001",
                    "settings": {
                        "_column_size": 33,
                        "_inline_size": 64.851
                    },
                    "elements": [
                        {
                            "id": "662c5681",
                            "settings": {
                                "style": "slashes",
                                "width": {
                                    "unit": "%",
                                    "size": 15,
                                    "sizes": []
                                },
                                "text": "Divider",
                                "_animation": "fadeInDown",
                                "_animation_delay": 200,
                                "align": "center"
                            },
                            "elements": [],
                            "isInner": false,
                            "widgetType": "divider",
                            "elType": "widget"
                        },
                        {
                            "id": "726db853",
                            "settings": {
                                "title": "Services",
                                "header_size": "h1",
                                "align": "center",
                                "title_color": "#000000",
                                "typography_typography": "custom",
                                "typography_font_family": "Work Sans",
                                "typography_font_size": {
                                    "unit": "em",
                                    "size": 3.5,
                                    "sizes": []
                                },
                                "typography_font_weight": "600",
                                "typography_line_height": {
                                    "unit": "em",
                                    "size": 1.2,
                                    "sizes": []
                                },
                                "typography_letter_spacing": {
                                    "unit": "px",
                                    "size": -2,
                                    "sizes": []
                                },
                                "_margin": {
                                    "unit": "px",
                                    "top": "-20",
                                    "right": "0",
                                    "bottom": "-15",
                                    "left": "0",
                                    "isLinked": false
                                },
                                "typography_font_size_mobile": {
                                    "unit": "em",
                                    "size": "",
                                    "sizes": []
                                },
                                "_animation": "fadeInUp",
                                "_animation_delay": 300,
                                "typography_text_transform": "capitalize",
                                "typography_font_style": "normal",
                                "typography_text_decoration": "none"
                            },
                            "elements": [],
                            "isInner": false,
                            "widgetType": "heading",
                            "elType": "widget"
                        },
                        {
                            "id": "4e050189",
                            "settings": {
                                "title": "#1 High Standard Medical \bSupplier",
                                "align": "center",
                                "title_color": "#000000",
                                "typography_typography": "custom",
                                "typography_font_family": "Work Sans",
                                "typography_font_size": {
                                    "unit": "em",
                                    "size": 1.2,
                                    "sizes": []
                                },
                                "typography_font_weight": "500",
                                "typography_line_height": {
                                    "unit": "em",
                                    "size": 1.2,
                                    "sizes": []
                                },
                                "typography_font_size_mobile": {
                                    "unit": "em",
                                    "size": 1,
                                    "sizes": []
                                },
                                "typography_line_height_mobile": {
                                    "unit": "em",
                                    "size": 1.5,
                                    "sizes": []
                                },
                                "_animation": "fadeInUp",
                                "_animation_delay": 500,
                                "typography_letter_spacing": {
                                    "unit": "px",
                                    "size": 0,
                                    "sizes": []
                                },
                                "typography_text_transform": "capitalize",
                                "typography_font_style": "normal",
                                "typography_text_decoration": "none"
                            },
                            "elements": [],
                            "isInner": false,
                            "widgetType": "heading",
                            "elType": "widget"
                        },
                        {
                            "id": "7e78bd22",
                            "settings": {
                                "text_color": "#333333",
                                "typography_typography": "custom",
                                "typography_font_family": "Muli",
                                "typography_font_size": {
                                    "unit": "px",
                                    "size": 14,
                                    "sizes": []
                                },
                                "typography_font_weight": "400",
                                "typography_line_height": {
                                    "unit": "em",
                                    "size": 1.5,
                                    "sizes": []
                                },
                                "_margin": {
                                    "unit": "%",
                                    "top": "0",
                                    "right": "10",
                                    "bottom": "0",
                                    "left": "10",
                                    "isLinked": false
                                },
                                "_animation": "fadeInUp",
                                "_animation_delay": 700,
                                "align": "center",
                                "_margin_mobile": {
                                    "unit": "px",
                                    "top": "0",
                                    "right": "0",
                                    "bottom": "0",
                                    "left": "0",
                                    "isLinked": false
                                },
                                "typography_text_transform": "none",
                                "typography_font_style": "normal",
                                "typography_text_decoration": "none",
                                "typography_letter_spacing": {
                                    "unit": "px",
                                    "size": 0,
                                    "sizes": []
                                }
                            },
                            "elements": [],
                            "isInner": false,
                            "widgetType": "text-editor",
                            "elType": "widget"
                        },
                        {
                            "id": "3a50d53",
                            "settings": {
                                "text": "Contact Us",
                                "size": "md",
                                "border_radius": {
                                    "unit": "px",
                                    "top": "50",
                                    "right": "50",
                                    "bottom": "50",
                                    "left": "50",
                                    "isLinked": true
                                },
                                "typography_typography": "custom",
                                "typography_font_family": "Work Sans",
                                "typography_font_size": {
                                    "unit": "px",
                                    "size": 16,
                                    "sizes": []
                                },
                                "typography_font_weight": "600",
                                "background_color": "#1BC8B1",
                                "hover_animation": "shrink",
                                "align": "center",
                                "_animation": "fadeInUp",
                                "_animation_delay": 900,
                                "typography_line_height": {
                                    "unit": "em",
                                    "size": 1.5,
                                    "sizes": []
                                },
                                "typography_text_transform": "capitalize",
                                "typography_font_style": "normal",
                                "typography_text_decoration": "none",
                                "typography_letter_spacing": {
                                    "unit": "px",
                                    "size": 0,
                                    "sizes": []
                                }
                            },
                            "elements": [],
                            "isInner": false,
                            "widgetType": "button",
                            "elType": "widget"
                        }
                    ],
                    "isInner": false,
                    "elType": "column"
                },
                {
                    "id": "5e187b1f",
                    "settings": {
                        "_column_size": 33,
                        "_inline_size": 18.476
                    },
                    "elements": [],
                    "isInner": false,
                    "elType": "column"
                }
            ],
            "isInner": false,
            "elType": "section"
        },
        {
            "id": "3cb8ec14",
            "settings": {
                "structure": "20",
                "margin_mobile": {
                    "unit": "px",
                    "top": "",
                    "right": 0,
                    "bottom": "",
                    "left": 0,
                    "isLinked": true
                },
                "gap": "no"
            },
            "elements": [
                {
                    "id": "49083fea",
                    "settings": {
                        "_column_size": 50,
                        "_inline_size": null,
                        "margin": {
                            "unit": "px",
                            "top": "-50",
                            "right": "0",
                            "bottom": "0",
                            "left": "0",
                            "isLinked": false
                        },
                        "margin_tablet": {
                            "unit": "px",
                            "top": "0",
                            "right": "0",
                            "bottom": "0",
                            "left": "0",
                            "isLinked": false
                        }
                    },
                    "elements": [
                        {
                            "id": "4af77537",
                            "settings": {
                                "image": {
                                    "url": "https:\/\/kit.themevan.com\/medisale\/wp-content\/uploads\/sites\/2\/2020\/02\/medical-workers-in-laboratory-AG9F4WN.jpg",
                                    "id": 697
                                },
                                "_margin_tablet": {
                                    "unit": "px",
                                    "top": "50",
                                    "right": "0",
                                    "bottom": "0",
                                    "left": "0",
                                    "isLinked": false
                                },
                                "_animation": "fadeInUp",
                                "animation_duration": "fast",
                                "_animation_delay": 900,
                                "image_size": "medium_large"
                            },
                            "elements": [],
                            "isInner": false,
                            "widgetType": "image",
                            "elType": "widget"
                        }
                    ],
                    "isInner": false,
                    "elType": "column"
                },
                {
                    "id": "612111d0",
                    "settings": {
                        "_column_size": 50,
                        "_inline_size": null,
                        "content_position": "center",
                        "padding": {
                            "unit": "px",
                            "top": "50",
                            "right": "30",
                            "bottom": "30",
                            "left": "30",
                            "isLinked": false
                        },
                        "animation": "fadeInRight",
                        "animation_delay": 1100
                    },
                    "elements": [
                        {
                            "id": "1fa19f1a",
                            "settings": {
                                "title": "What We Do",
                                "align": "left",
                                "title_color": "#000000",
                                "typography_typography": "custom",
                                "typography_font_family": "Work Sans",
                                "typography_font_size": {
                                    "unit": "em",
                                    "size": 2.5,
                                    "sizes": []
                                },
                                "typography_font_weight": "600",
                                "typography_line_height": {
                                    "unit": "em",
                                    "size": 1.2,
                                    "sizes": []
                                },
                                "typography_letter_spacing": {
                                    "unit": "px",
                                    "size": -2,
                                    "sizes": []
                                },
                                "typography_font_size_mobile": {
                                    "unit": "em",
                                    "size": "",
                                    "sizes": []
                                },
                                "typography_text_transform": "capitalize",
                                "typography_font_style": "normal",
                                "typography_text_decoration": "none"
                            },
                            "elements": [],
                            "isInner": false,
                            "widgetType": "heading",
                            "elType": "widget"
                        },
                        {
                            "id": "25a9dd5e",
                            "settings": {
                                "style": "zigzag",
                                "width": {
                                    "unit": "%",
                                    "size": 18,
                                    "sizes": []
                                },
                                "align": "left",
                                "text": "Divider",
                                "pattern_height": {
                                    "unit": "px",
                                    "size": 13.2,
                                    "sizes": []
                                },
                                "gap": {
                                    "unit": "px",
                                    "size": 2,
                                    "sizes": []
                                },
                                "width_mobile": {
                                    "unit": "%",
                                    "size": 21,
                                    "sizes": []
                                }
                            },
                            "elements": [],
                            "isInner": false,
                            "widgetType": "divider",
                            "elType": "widget"
                        },
                        {
                            "id": "3e311d35",
                            "settings": {
                                "text_color": "#000000",
                                "typography_typography": "custom",
                                "typography_font_family": "Muli",
                                "typography_font_size": {
                                    "unit": "px",
                                    "size": 16,
                                    "sizes": []
                                },
                                "typography_font_weight": "400",
                                "typography_line_height": {
                                    "unit": "em",
                                    "size": 1.5,
                                    "sizes": []
                                },
                                "_margin": {
                                    "unit": "%",
                                    "top": "",
                                    "right": "",
                                    "bottom": "",
                                    "left": "",
                                    "isLinked": true
                                },
                                "editor": "<p>Lorem ipsum dolor sit amet, consectetur adipiscing elit. Ut elit tellus, luctus nec ullamcorper mattis, pulvinar dapibus leo. Nulla gravida euismod lorem.<\/p><p>Aenean tortor enim, cursus eget euismod vel, euismod in eros.Nulla gravida euismod lorem, tempus hendrerit est porta eu. Aenean tortor enim, cursus eget euismod vel, euismod in eros.<\/p>",
                                "typography_text_transform": "none",
                                "typography_font_style": "normal",
                                "typography_text_decoration": "none",
                                "typography_letter_spacing": {
                                    "unit": "px",
                                    "size": 0,
                                    "sizes": []
                                }
                            },
                            "elements": [],
                            "isInner": false,
                            "widgetType": "text-editor",
                            "elType": "widget"
                        }
                    ],
                    "isInner": false,
                    "elType": "column"
                }
            ],
            "isInner": false,
            "elType": "section"
        },
        {
            "id": "d4668a2",
            "settings": {
                "structure": "20",
                "margin": {
                    "unit": "px",
                    "top": "50",
                    "right": 0,
                    "bottom": "0",
                    "left": 0,
                    "isLinked": false
                },
                "background_background": "gradient",
                "background_color": "#FFFFFF",
                "background_color_stop": {
                    "unit": "%",
                    "size": 45,
                    "sizes": []
                },
                "background_color_b": "#EFEFEF",
                "background_color_b_stop": {
                    "unit": "%",
                    "size": 41,
                    "sizes": []
                }
            },
            "elements": [
                {
                    "id": "7503a7b3",
                    "settings": {
                        "_column_size": 50,
                        "_inline_size": 33.267,
                        "background_background": "classic",
                        "background_color": "#1BC8B1",
                        "border_width": {
                            "unit": "px",
                            "top": "1",
                            "right": "1",
                            "bottom": "1",
                            "left": "1",
                            "isLinked": true
                        },
                        "padding": {
                            "unit": "px",
                            "top": "40",
                            "right": "20",
                            "bottom": "40",
                            "left": "20",
                            "isLinked": false
                        },
                        "animation_duration": "fast"
                    },
                    "elements": [
                        {
                            "id": "3cc13cf7",
                            "settings": {
                                "title": "Primary Services",
                                "align": "center",
                                "title_color": "#FFFFFF",
                                "typography_typography": "custom",
                                "typography_font_family": "Work Sans",
                                "typography_font_size": {
                                    "unit": "em",
                                    "size": 2,
                                    "sizes": []
                                },
                                "typography_font_weight": "600",
                                "typography_line_height": {
                                    "unit": "em",
                                    "size": 1.2,
                                    "sizes": []
                                },
                                "typography_letter_spacing": {
                                    "unit": "px",
                                    "size": -1,
                                    "sizes": []
                                },
                                "typography_font_size_mobile": {
                                    "unit": "em",
                                    "size": "",
                                    "sizes": []
                                },
                                "typography_font_size_tablet": {
                                    "unit": "em",
                                    "size": 1.5,
                                    "sizes": []
                                },
                                "typography_line_height_tablet": {
                                    "unit": "em",
                                    "size": 1.2,
                                    "sizes": []
                                },
                                "typography_letter_spacing_tablet": {
                                    "unit": "px",
                                    "size": 0,
                                    "sizes": []
                                },
                                "_animation": "fadeInUp",
                                "typography_text_transform": "capitalize",
                                "typography_font_style": "normal",
                                "typography_text_decoration": "none"
                            },
                            "elements": [],
                            "isInner": false,
                            "widgetType": "heading",
                            "elType": "widget"
                        },
                        {
                            "id": "1e253179",
                            "settings": {
                                "style": "zigzag",
                                "width": {
                                    "unit": "%",
                                    "size": 20,
                                    "sizes": []
                                },
                                "text": "Divider",
                                "_animation": "fadeInUp",
                                "_animation_delay": 200,
                                "align": "center",
                                "width_tablet": {
                                    "unit": "%",
                                    "size": 29,
                                    "sizes": []
                                },
                                "color": "#FFFFFF",
                                "pattern_height": {
                                    "unit": "px",
                                    "size": 13.8,
                                    "sizes": []
                                },
                                "gap": {
                                    "unit": "px",
                                    "size": 2,
                                    "sizes": []
                                }
                            },
                            "elements": [],
                            "isInner": false,
                            "widgetType": "divider",
                            "elType": "widget"
                        },
                        {
                            "id": "57c9618b",
                            "settings": {
                                "selected_icon": {
                                    "value": "fas fa-cogs",
                                    "library": "fa-solid"
                                },
                                "view": "stacked",
                                "title_text": "Manufacture",
                                "description_text": "Lorem ipsum dolor sit amet, consectetur adipiscing elit. Ut elit tellus, luctus nec. Nulla gravida euismod lorem, tempus hendrerit est porta eu. ",
                                "position": "left",
                                "title_size": "div",
                                "primary_color": "rgba(27, 200, 177, 0)",
                                "hover_primary_color": "#1BC8B1",
                                "icon_space": {
                                    "unit": "px",
                                    "size": 12,
                                    "sizes": []
                                },
                                "icon_size": {
                                    "unit": "px",
                                    "size": 29,
                                    "sizes": []
                                },
                                "border_width": {
                                    "unit": "px",
                                    "top": "1",
                                    "right": "1",
                                    "bottom": "1",
                                    "left": "1",
                                    "isLinked": true
                                },
                                "title_bottom_space": {
                                    "unit": "px",
                                    "size": 10,
                                    "sizes": []
                                },
                                "title_color": "#FFFFFF",
                                "title_typography_typography": "custom",
                                "title_typography_font_family": "Work Sans",
                                "title_typography_font_size": {
                                    "unit": "px",
                                    "size": 18,
                                    "sizes": []
                                },
                                "title_typography_font_weight": "600",
                                "title_typography_line_height": {
                                    "unit": "em",
                                    "size": 1.5,
                                    "sizes": []
                                },
                                "description_color": "#FFFFFF",
                                "description_typography_typography": "custom",
                                "description_typography_font_family": "Muli",
                                "description_typography_font_size": {
                                    "unit": "px",
                                    "size": 14,
                                    "sizes": []
                                },
                                "description_typography_font_weight": "400",
                                "description_typography_line_height": {
                                    "unit": "em",
                                    "size": 1.5,
                                    "sizes": []
                                },
                                "icon_space_mobile": {
                                    "unit": "px",
                                    "size": 5,
                                    "sizes": []
                                },
                                "icon_size_tablet": {
                                    "unit": "px",
                                    "size": 18,
                                    "sizes": []
                                },
                                "title_typography_font_size_tablet": {
                                    "unit": "px",
                                    "size": 16,
                                    "sizes": []
                                },
                                "title_typography_line_height_tablet": {
                                    "unit": "em",
                                    "size": 1.5,
                                    "sizes": []
                                },
                                "_margin_mobile": {
                                    "unit": "px",
                                    "top": "0",
                                    "right": "0",
                                    "bottom": "30",
                                    "left": "0",
                                    "isLinked": false
                                },
                                "_animation": "fadeInUp",
                                "animation_duration": "fast",
                                "_animation_delay": 200,
                                "title_typography_text_transform": "capitalize",
                                "title_typography_font_style": "normal",
                                "title_typography_text_decoration": "none",
                                "title_typography_letter_spacing": {
                                    "unit": "px",
                                    "size": 0,
                                    "sizes": []
                                }
                            },
                            "elements": [],
                            "isInner": false,
                            "widgetType": "icon-box",
                            "elType": "widget"
                        },
                        {
                            "id": "d16da9",
                            "settings": {
                                "selected_icon": {
                                    "value": "fas fa-money-check-alt",
                                    "library": "fa-solid"
                                },
                                "view": "stacked",
                                "title_text": "Wholesale",
                                "description_text": "Lorem ipsum dolor sit amet, consectetur adipiscing elit. luctus nec ullamcorper.",
                                "position": "left",
                                "title_size": "div",
                                "primary_color": "rgba(27, 200, 177, 0)",
                                "hover_primary_color": "#1BC8B1",
                                "icon_space": {
                                    "unit": "px",
                                    "size": 12,
                                    "sizes": []
                                },
                                "icon_size": {
                                    "unit": "px",
                                    "size": 29,
                                    "sizes": []
                                },
                                "title_bottom_space": {
                                    "unit": "px",
                                    "size": 10,
                                    "sizes": []
                                },
                                "title_color": "#FFFFFF",
                                "title_typography_typography": "custom",
                                "title_typography_font_family": "Work Sans",
                                "title_typography_font_size": {
                                    "unit": "px",
                                    "size": 18,
                                    "sizes": []
                                },
                                "title_typography_font_weight": "600",
                                "title_typography_line_height": {
                                    "unit": "em",
                                    "size": 1.5,
                                    "sizes": []
                                },
                                "description_color": "#FFFFFF",
                                "description_typography_typography": "custom",
                                "description_typography_font_family": "Muli",
                                "description_typography_font_size": {
                                    "unit": "px",
                                    "size": 14,
                                    "sizes": []
                                },
                                "description_typography_font_weight": "400",
                                "description_typography_line_height": {
                                    "unit": "em",
                                    "size": 1.5,
                                    "sizes": []
                                },
                                "icon_space_mobile": {
                                    "unit": "px",
                                    "size": 5,
                                    "sizes": []
                                },
                                "icon_size_tablet": {
                                    "unit": "px",
                                    "size": 18,
                                    "sizes": []
                                },
                                "title_typography_font_size_tablet": {
                                    "unit": "px",
                                    "size": 16,
                                    "sizes": []
                                },
                                "_margin_mobile": {
                                    "unit": "px",
                                    "top": "0",
                                    "right": "0",
                                    "bottom": "30",
                                    "left": "0",
                                    "isLinked": false
                                },
                                "_animation": "fadeInUp",
                                "_animation_delay": 200,
                                "border_width": {
                                    "unit": "px",
                                    "top": "1",
                                    "right": "1",
                                    "bottom": "1",
                                    "left": "1",
                                    "isLinked": true
                                },
                                "title_typography_line_height_tablet": {
                                    "unit": "em",
                                    "size": 1.5,
                                    "sizes": []
                                },
                                "animation_duration": "fast",
                                "title_typography_text_transform": "capitalize",
                                "title_typography_font_style": "normal",
                                "title_typography_text_decoration": "none",
                                "title_typography_letter_spacing": {
                                    "unit": "px",
                                    "size": 0,
                                    "sizes": []
                                }
                            },
                            "elements": [],
                            "isInner": false,
                            "widgetType": "icon-box",
                            "elType": "widget"
                        },
                        {
                            "id": "13e9d29d",
                            "settings": {
                                "selected_icon": {
                                    "value": "far fa-comments",
                                    "library": "fa-regular"
                                },
                                "view": "stacked",
                                "title_text": "Technical Consulting",
                                "description_text": "Lorem ipsum dolor sit amet, consectetur adipiscing elit. luctus nec ullamcorper. Praesent feugiat eleifend nisi quis scelerisque.",
                                "position": "left",
                                "title_size": "div",
                                "primary_color": "rgba(27, 200, 177, 0)",
                                "hover_primary_color": "#1BC8B1",
                                "icon_space": {
                                    "unit": "px",
                                    "size": 12,
                                    "sizes": []
                                },
                                "icon_size": {
                                    "unit": "px",
                                    "size": 29,
                                    "sizes": []
                                },
                                "title_bottom_space": {
                                    "unit": "px",
                                    "size": 10,
                                    "sizes": []
                                },
                                "title_color": "#FFFFFF",
                                "title_typography_typography": "custom",
                                "title_typography_font_family": "Work Sans",
                                "title_typography_font_size": {
                                    "unit": "px",
                                    "size": 18,
                                    "sizes": []
                                },
                                "title_typography_font_weight": "600",
                                "title_typography_line_height": {
                                    "unit": "em",
                                    "size": 1.5,
                                    "sizes": []
                                },
                                "description_color": "#FFFFFF",
                                "description_typography_typography": "custom",
                                "description_typography_font_family": "Muli",
                                "description_typography_font_size": {
                                    "unit": "px",
                                    "size": 14,
                                    "sizes": []
                                },
                                "description_typography_font_weight": "400",
                                "description_typography_line_height": {
                                    "unit": "em",
                                    "size": 1.5,
                                    "sizes": []
                                },
                                "icon_space_mobile": {
                                    "unit": "px",
                                    "size": 5,
                                    "sizes": []
                                },
                                "icon_size_tablet": {
                                    "unit": "px",
                                    "size": 18,
                                    "sizes": []
                                },
                                "title_typography_font_size_tablet": {
                                    "unit": "px",
                                    "size": 16,
                                    "sizes": []
                                },
                                "_margin_mobile": {
                                    "unit": "px",
                                    "top": "0",
                                    "right": "0",
                                    "bottom": "30",
                                    "left": "0",
                                    "isLinked": false
                                },
                                "_animation": "fadeInUp",
                                "_animation_delay": 200,
                                "border_width": {
                                    "unit": "px",
                                    "top": "1",
                                    "right": "1",
                                    "bottom": "1",
                                    "left": "1",
                                    "isLinked": true
                                },
                                "title_typography_line_height_tablet": {
                                    "unit": "em",
                                    "size": 1.5,
                                    "sizes": []
                                },
                                "animation_duration": "fast",
                                "title_typography_text_transform": "capitalize",
                                "title_typography_font_style": "normal",
                                "title_typography_text_decoration": "none",
                                "title_typography_letter_spacing": {
                                    "unit": "px",
                                    "size": 0,
                                    "sizes": []
                                }
                            },
                            "elements": [],
                            "isInner": false,
                            "widgetType": "icon-box",
                            "elType": "widget"
                        }
                    ],
                    "isInner": false,
                    "elType": "column"
                },
                {
                    "id": "3cbb9d13",
                    "settings": {
                        "_column_size": 50,
                        "_inline_size": 66.733,
                        "background_background": "classic",
                        "background_image": {
                            "url": "https:\/\/kit.themevan.com\/medisale\/wp-content\/uploads\/sites\/2\/2020\/02\/portrait-of-highly-professional-medical-worker-85YE2CK.jpg",
                            "id": 863
                        },
                        "background_position": "initial",
                        "background_attachment": "fixed",
                        "background_repeat": "no-repeat",
                        "background_size": "cover",
                        "background_bg_width": {
                            "unit": "vw",
                            "size": 100,
                            "sizes": []
                        },
                        "padding_mobile": {
                            "unit": "px",
                            "top": "0",
                            "right": "0",
                            "bottom": "0",
                            "left": "0",
                            "isLinked": false
                        },
                        "background_xpos": {
                            "unit": "px",
                            "size": 192,
                            "sizes": []
                        }
                    },
                    "elements": [
                        {
                            "id": "3ebb08f8",
                            "settings": {
                                "space_mobile": {
                                    "unit": "px",
                                    "size": 235,
                                    "sizes": []
                                }
                            },
                            "elements": [],
                            "isInner": false,
                            "widgetType": "spacer",
                            "elType": "widget"
                        }
                    ],
                    "isInner": false,
                    "elType": "column"
                }
            ],
            "isInner": false,
            "elType": "section"
        },
        {
            "id": "312526b0",
            "settings": {
                "structure": "30"
            },
            "elements": [
                {
                    "id": "7b0903d6",
                    "settings": {
                        "_column_size": 33,
                        "_inline_size": null,
                        "content_position": "center",
                        "background_background": "classic",
                        "background_image": {
                            "url": "https:\/\/kit.themevan.com\/medisale\/wp-content\/uploads\/sites\/2\/2020\/02\/doctor-checking-blood-pressure-of-patient-in-CBZQE6D.jpg",
                            "id": 885
                        },
                        "background_position": "center center",
                        "background_attachment": "scroll",
                        "background_repeat": "no-repeat",
                        "background_size": "cover"
                    },
                    "elements": [
                        {
                            "id": "3b29ee02",
                            "settings": {
                                "space_mobile": {
                                    "unit": "px",
                                    "size": 416,
                                    "sizes": []
                                }
                            },
                            "elements": [],
                            "isInner": false,
                            "widgetType": "spacer",
                            "elType": "widget"
                        }
                    ],
                    "isInner": false,
                    "elType": "column"
                },
                {
                    "id": "c115251",
                    "settings": {
                        "_column_size": 33,
                        "_inline_size": null,
                        "content_position": "center",
                        "background_background": "classic",
                        "background_color": "#E69B44",
                        "background_hover_background": "classic",
                        "background_hover_color": "#CC7611",
                        "padding": {
                            "unit": "px",
                            "top": "30",
                            "right": "30",
                            "bottom": "30",
                            "left": "30",
                            "isLinked": true
                        },
                        "padding_tablet": {
                            "unit": "px",
                            "top": "20",
                            "right": "20",
                            "bottom": "20",
                            "left": "20",
                            "isLinked": false
                        },
                        "padding_mobile": {
                            "unit": "px",
                            "top": "20",
                            "right": "20",
                            "bottom": "20",
                            "left": "20",
                            "isLinked": false
                        }
                    },
                    "elements": [
                        {
                            "id": "48567de5",
                            "settings": {
                                "selected_icon": {
                                    "value": "fas fa-quote-right",
                                    "library": "fa-solid"
                                },
                                "primary_color": "rgba(255, 255, 255, 0.23)",
                                "size": {
                                    "unit": "px",
                                    "size": 34,
                                    "sizes": []
                                }
                            },
                            "elements": [],
                            "isInner": false,
                            "widgetType": "icon",
                            "elType": "widget"
                        },
                        {
                            "id": "61a8a413",
                            "settings": {
                                "testimonial_content": "Lorem ipsum dolor sit amet, consectetur adipiscing elit. Ut elit tellus, luctus nec ullamcorper mattis, pulvinar dapibus leo.",
                                "testimonial_image": {
                                    "url": "https:\/\/kit.themevan.com\/medisale\/wp-content\/uploads\/sites\/2\/2020\/02\/medical-physician-doctor-woman-over-white-TMRDQF6.jpg",
                                    "id": 869
                                },
                                "testimonial_name": "John Doe",
                                "testimonial_job": "Doctor",
                                "content_content_color": "#FFFFFF",
                                "content_typography_typography": "custom",
                                "content_typography_font_family": "Muli",
                                "content_typography_font_size": {
                                    "unit": "px",
                                    "size": 16,
                                    "sizes": []
                                },
                                "content_typography_line_height": {
                                    "unit": "em",
                                    "size": 1.5,
                                    "sizes": []
                                },
                                "name_text_color": "#FFFFFF",
                                "name_typography_typography": "custom",
                                "name_typography_font_family": "Muli",
                                "name_typography_font_size": {
                                    "unit": "px",
                                    "size": 16,
                                    "sizes": []
                                },
                                "name_typography_font_weight": "600",
                                "name_typography_line_height": {
                                    "unit": "em",
                                    "size": 1.5,
                                    "sizes": []
                                },
                                "job_text_color": "#FFFFFF",
                                "job_typography_typography": "custom",
                                "job_typography_font_family": "Muli",
                                "job_typography_font_size": {
                                    "unit": "px",
                                    "size": 14,
                                    "sizes": []
                                },
                                "job_typography_line_height": {
                                    "unit": "em",
                                    "size": 1.5,
                                    "sizes": []
                                },
                                "content_typography_font_size_mobile": {
                                    "unit": "px",
                                    "size": 16,
                                    "sizes": []
                                },
                                "_margin_mobile": {
                                    "unit": "px",
                                    "top": "0",
                                    "right": "0",
                                    "bottom": "0",
                                    "left": "0",
                                    "isLinked": false
                                },
                                "_margin_tablet": {
                                    "unit": "px",
                                    "top": "0",
                                    "right": "0",
                                    "bottom": "0",
                                    "left": "0",
                                    "isLinked": false
                                },
                                "content_typography_font_weight": "600",
                                "content_typography_text_transform": "none",
                                "content_typography_font_style": "normal",
                                "content_typography_text_decoration": "none",
                                "content_typography_letter_spacing": {
                                    "unit": "px",
                                    "size": 0,
                                    "sizes": []
                                },
                                "name_typography_text_transform": "capitalize",
                                "name_typography_font_style": "normal",
                                "name_typography_text_decoration": "none",
                                "name_typography_letter_spacing": {
                                    "unit": "px",
                                    "size": 0,
                                    "sizes": []
                                },
                                "job_typography_font_weight": "400",
                                "job_typography_text_transform": "none",
                                "job_typography_font_style": "normal",
                                "job_typography_text_decoration": "none",
                                "job_typography_letter_spacing": {
                                    "unit": "px",
                                    "size": 0,
                                    "sizes": []
                                }
                            },
                            "elements": [],
                            "isInner": false,
                            "widgetType": "testimonial",
                            "elType": "widget"
                        }
                    ],
                    "isInner": false,
                    "elType": "column"
                },
                {
                    "id": "431dd191",
                    "settings": {
                        "_column_size": 33,
                        "_inline_size": null,
                        "background_background": "classic",
                        "background_image": {
                            "url": "https:\/\/kit.themevan.com\/medisale\/wp-content\/uploads\/sites\/2\/2020\/02\/portrait-of-medical-team-standing-in-hospital-A23VJG8.jpg",
                            "id": 867
                        },
                        "background_position": "top left",
                        "background_attachment": "scroll",
                        "background_repeat": "no-repeat",
                        "background_size": "cover"
                    },
                    "elements": [
                        {
                            "id": "61b0cdf4",
                            "settings": {
                                "space_mobile": {
                                    "unit": "px",
                                    "size": 412,
                                    "sizes": []
                                }
                            },
                            "elements": [],
                            "isInner": false,
                            "widgetType": "spacer",
                            "elType": "widget"
                        }
                    ],
                    "isInner": false,
                    "elType": "column"
                }
            ],
            "isInner": false,
            "elType": "section"
        },
        {
            "id": "40d8d966",
            "settings": {
                "gap": "wider",
                "structure": "30",
                "background_color": "#FFFFFF",
                "padding": {
                    "unit": "px",
                    "top": "50",
                    "right": "0",
                    "bottom": "50",
                    "left": "0",
                    "isLinked": false
                }
            },
            "elements": [
                {
                    "id": "2487af01",
                    "settings": {
                        "_column_size": 33,
                        "_inline_size": null
                    },
                    "elements": [
                        {
                            "id": "11213138",
                            "settings": {
                                "image": {
                                    "url": "https:\/\/kit.themevan.com\/medisale\/wp-content\/uploads\/sites\/2\/2020\/02\/medical-icon-2.png",
                                    "id": 1072
                                },
                                "title_text": "Distributor Training",
                                "description_text": "Lorem ipsum dolor sit amet, consectetur adipiscing elit. Ut elit tellus, luctus nec ullamcorper mattis, pulvinar dapibus leo.",
                                "image_space": {
                                    "unit": "px",
                                    "size": 0,
                                    "sizes": []
                                },
                                "image_size": {
                                    "unit": "%",
                                    "size": 40,
                                    "sizes": []
                                },
                                "title_bottom_space": {
                                    "unit": "px",
                                    "size": 10,
                                    "sizes": []
                                },
                                "title_color": "#000000",
                                "title_typography_typography": "custom",
                                "title_typography_font_family": "Work Sans",
                                "title_typography_font_size": {
                                    "unit": "px",
                                    "size": 18,
                                    "sizes": []
                                },
                                "title_typography_font_size_tablet": {
                                    "unit": "px",
                                    "size": 16,
                                    "sizes": []
                                },
                                "title_typography_font_weight": "600",
                                "title_typography_line_height": {
                                    "unit": "em",
                                    "size": 1.5,
                                    "sizes": []
                                },
                                "title_typography_line_height_tablet": {
                                    "unit": "em",
                                    "size": 1.5,
                                    "sizes": []
                                },
                                "description_color": "#7A7A7A",
                                "description_typography_typography": "custom",
                                "description_typography_font_family": "Muli",
                                "description_typography_font_size": {
                                    "unit": "px",
                                    "size": 14,
                                    "sizes": []
                                },
                                "description_typography_font_weight": "400",
                                "description_typography_line_height": {
                                    "unit": "em",
                                    "size": 1.5,
                                    "sizes": []
                                },
                                "_margin_mobile": {
                                    "unit": "px",
                                    "top": "0",
                                    "right": "0",
                                    "bottom": "30",
                                    "left": "0",
                                    "isLinked": false
                                },
                                "_animation": "fadeInUp",
                                "animation_duration": "fast",
                                "_animation_delay": 200,
                                "title_typography_text_transform": "capitalize",
                                "title_typography_font_style": "normal",
                                "title_typography_text_decoration": "none",
                                "title_typography_letter_spacing": {
                                    "unit": "px",
                                    "size": 0,
                                    "sizes": []
                                },
                                "description_typography_text_transform": "none",
                                "description_typography_font_style": "normal",
                                "description_typography_text_decoration": "none",
                                "description_typography_letter_spacing": {
                                    "unit": "px",
                                    "size": 0,
                                    "sizes": []
                                }
                            },
                            "elements": [],
                            "isInner": false,
                            "widgetType": "image-box",
                            "elType": "widget"
                        }
                    ],
                    "isInner": false,
                    "elType": "column"
                },
                {
                    "id": "223138b3",
                    "settings": {
                        "_column_size": 33,
                        "_inline_size": null
                    },
                    "elements": [
                        {
                            "id": "34d4d172",
                            "settings": {
                                "image": {
                                    "url": "https:\/\/kit.themevan.com\/medisale\/wp-content\/uploads\/sites\/2\/2020\/02\/medical-icon-1.png",
                                    "id": 1073
                                },
                                "title_text": "Living Healthy Program",
                                "description_text": "Lorem ipsum dolor sit amet, consectetur adipiscing elit. Ut elit tellus, luctus nec ullamcorper mattis, pulvinar dapibus leo.",
                                "image_space": {
                                    "unit": "px",
                                    "size": 0,
                                    "sizes": []
                                },
                                "image_size": {
                                    "unit": "%",
                                    "size": 40,
                                    "sizes": []
                                },
                                "title_bottom_space": {
                                    "unit": "px",
                                    "size": 10,
                                    "sizes": []
                                },
                                "title_color": "#000000",
                                "title_typography_typography": "custom",
                                "title_typography_font_family": "Work Sans",
                                "title_typography_font_size": {
                                    "unit": "px",
                                    "size": 18,
                                    "sizes": []
                                },
                                "title_typography_font_size_tablet": {
                                    "unit": "px",
                                    "size": 16,
                                    "sizes": []
                                },
                                "title_typography_font_weight": "600",
                                "title_typography_line_height": {
                                    "unit": "em",
                                    "size": 1.5,
                                    "sizes": []
                                },
                                "title_typography_line_height_tablet": {
                                    "unit": "em",
                                    "size": 1.5,
                                    "sizes": []
                                },
                                "description_color": "#7A7A7A",
                                "description_typography_typography": "custom",
                                "description_typography_font_family": "Muli",
                                "description_typography_font_size": {
                                    "unit": "px",
                                    "size": 14,
                                    "sizes": []
                                },
                                "description_typography_font_weight": "400",
                                "description_typography_line_height": {
                                    "unit": "em",
                                    "size": 1.5,
                                    "sizes": []
                                },
                                "_margin_mobile": {
                                    "unit": "px",
                                    "top": "0",
                                    "right": "0",
                                    "bottom": "30",
                                    "left": "0",
                                    "isLinked": false
                                },
                                "_animation": "fadeInUp",
                                "animation_duration": "fast",
                                "_animation_delay": 200,
                                "title_typography_text_transform": "capitalize",
                                "title_typography_font_style": "normal",
                                "title_typography_text_decoration": "none",
                                "title_typography_letter_spacing": {
                                    "unit": "px",
                                    "size": 0,
                                    "sizes": []
                                },
                                "description_typography_text_transform": "none",
                                "description_typography_font_style": "normal",
                                "description_typography_text_decoration": "none",
                                "description_typography_letter_spacing": {
                                    "unit": "px",
                                    "size": 0,
                                    "sizes": []
                                }
                            },
                            "elements": [],
                            "isInner": false,
                            "widgetType": "image-box",
                            "elType": "widget"
                        }
                    ],
                    "isInner": false,
                    "elType": "column"
                },
                {
                    "id": "180d5714",
                    "settings": {
                        "_column_size": 33,
                        "_inline_size": null
                    },
                    "elements": [
                        {
                            "id": "55edc1e8",
                            "settings": {
                                "image": {
                                    "url": "https:\/\/kit.themevan.com\/medisale\/wp-content\/uploads\/sites\/2\/2020\/02\/medical-icon-3.png",
                                    "id": 1074
                                },
                                "title_text": "Customize Equipment",
                                "description_text": "Lorem ipsum dolor sit amet, consectetur adipiscing elit. Ut elit tellus, luctus nec ullamcorper mattis, pulvinar dapibus leo.",
                                "image_space": {
                                    "unit": "px",
                                    "size": 0,
                                    "sizes": []
                                },
                                "image_size": {
                                    "unit": "%",
                                    "size": 40,
                                    "sizes": []
                                },
                                "title_bottom_space": {
                                    "unit": "px",
                                    "size": 10,
                                    "sizes": []
                                },
                                "title_color": "#000000",
                                "title_typography_typography": "custom",
                                "title_typography_font_family": "Work Sans",
                                "title_typography_font_size": {
                                    "unit": "px",
                                    "size": 18,
                                    "sizes": []
                                },
                                "title_typography_font_size_tablet": {
                                    "unit": "px",
                                    "size": 16,
                                    "sizes": []
                                },
                                "title_typography_font_weight": "600",
                                "title_typography_line_height": {
                                    "unit": "em",
                                    "size": 1.5,
                                    "sizes": []
                                },
                                "title_typography_line_height_tablet": {
                                    "unit": "em",
                                    "size": 1.5,
                                    "sizes": []
                                },
                                "description_color": "#7A7A7A",
                                "description_typography_typography": "custom",
                                "description_typography_font_family": "Muli",
                                "description_typography_font_size": {
                                    "unit": "px",
                                    "size": 14,
                                    "sizes": []
                                },
                                "description_typography_font_weight": "400",
                                "description_typography_line_height": {
                                    "unit": "em",
                                    "size": 1.5,
                                    "sizes": []
                                },
                                "_margin_mobile": {
                                    "unit": "px",
                                    "top": "0",
                                    "right": "0",
                                    "bottom": "30",
                                    "left": "0",
                                    "isLinked": false
                                },
                                "_animation": "fadeInUp",
                                "animation_duration": "fast",
                                "_animation_delay": 200,
                                "title_typography_text_transform": "capitalize",
                                "title_typography_font_style": "normal",
                                "title_typography_text_decoration": "none",
                                "title_typography_letter_spacing": {
                                    "unit": "px",
                                    "size": 0,
                                    "sizes": []
                                },
                                "description_typography_text_transform": "none",
                                "description_typography_font_style": "normal",
                                "description_typography_text_decoration": "none",
                                "description_typography_letter_spacing": {
                                    "unit": "px",
                                    "size": 0,
                                    "sizes": []
                                }
                            },
                            "elements": [],
                            "isInner": false,
                            "widgetType": "image-box",
                            "elType": "widget"
                        }
                    ],
                    "isInner": false,
                    "elType": "column"
                }
            ],
            "isInner": false,
            "elType": "section"
        },
        {
            "id": "4748fbd1",
            "settings": {
                "gap": "wider",
                "structure": "30",
                "padding": {
                    "unit": "px",
                    "top": "0",
                    "right": "0",
                    "bottom": "50",
                    "left": "0",
                    "isLinked": false
                },
                "background_background": "gradient",
                "background_color": "#FFFFFF",
                "background_color_stop": {
                    "unit": "%",
                    "size": 31,
                    "sizes": []
                },
                "background_color_b": "#E9F4F5",
                "background_color_b_stop": {
                    "unit": "%",
                    "size": 25,
                    "sizes": []
                }
            },
            "elements": [
                {
                    "id": "1787e443",
                    "settings": {
                        "_column_size": 33,
                        "_inline_size": 16.139,
                        "animation": "fadeIn",
                        "animation_duration": "slow",
                        "animation_delay": 600,
                        "hide_mobile": "hidden-phone"
                    },
                    "elements": [],
                    "isInner": false,
                    "elType": "column"
                },
                {
                    "id": "a848111",
                    "settings": {
                        "_column_size": 33,
                        "_inline_size": 67.723,
                        "content_position": "center",
                        "background_color": "#FFFFFF",
                        "animation": "fadeInUp",
                        "animation_duration": "fast"
                    },
                    "elements": [
                        {
                            "id": "716b2e4e",
                            "settings": {
                                "style": "slashes",
                                "width": {
                                    "unit": "%",
                                    "size": 20,
                                    "sizes": []
                                },
                                "text": "Divider",
                                "_animation": "fadeInDown",
                                "_animation_delay": 200,
                                "align": "center",
                                "gap": {
                                    "unit": "px",
                                    "size": 30,
                                    "sizes": []
                                }
                            },
                            "elements": [],
                            "isInner": false,
                            "widgetType": "divider",
                            "elType": "widget"
                        },
                        {
                            "id": "45ba1f9c",
                            "settings": {
                                "image": {
                                    "url": "https:\/\/kit.themevan.com\/medisale\/wp-content\/uploads\/sites\/2\/2020\/02\/writing.jpg",
                                    "id": 559
                                },
                                "css_filters_css_filter": "custom",
                                "css_filters_brightness": {
                                    "unit": "px",
                                    "size": 118,
                                    "sizes": []
                                }
                            },
                            "elements": [],
                            "isInner": false,
                            "widgetType": "image",
                            "elType": "widget"
                        },
                        {
                            "id": "3faf713e",
                            "settings": {
                                "title": "Who We Are",
                                "title_color": "#000000",
                                "typography_typography": "custom",
                                "typography_font_family": "Work Sans",
                                "typography_font_size": {
                                    "unit": "em",
                                    "size": 2.5,
                                    "sizes": []
                                },
                                "typography_font_weight": "600",
                                "typography_line_height": {
                                    "unit": "em",
                                    "size": 1.2,
                                    "sizes": []
                                },
                                "typography_letter_spacing": {
                                    "unit": "px",
                                    "size": -2,
                                    "sizes": []
                                },
                                "_margin": {
                                    "unit": "px",
                                    "top": "15",
                                    "right": "0",
                                    "bottom": "-10",
                                    "left": "0",
                                    "isLinked": false
                                },
                                "align": "center",
                                "typography_font_size_mobile": {
                                    "unit": "em",
                                    "size": "",
                                    "sizes": []
                                },
                                "typography_text_transform": "capitalize",
                                "typography_font_style": "normal",
                                "typography_text_decoration": "none"
                            },
                            "elements": [],
                            "isInner": false,
                            "widgetType": "heading",
                            "elType": "widget"
                        },
                        {
                            "id": "720e19d8",
                            "settings": {
                                "title": "10+ Years Experience in Medical Industry.",
                                "title_color": "#000000",
                                "typography_typography": "custom",
                                "typography_font_family": "Work Sans",
                                "typography_font_size": {
                                    "unit": "em",
                                    "size": 1.5,
                                    "sizes": []
                                },
                                "typography_font_weight": "500",
                                "typography_line_height": {
                                    "unit": "em",
                                    "size": 1.3,
                                    "sizes": []
                                },
                                "header_size": "h3",
                                "typography_font_size_tablet": {
                                    "unit": "em",
                                    "size": 1.2,
                                    "sizes": []
                                },
                                "_margin": {
                                    "unit": "%",
                                    "top": "",
                                    "right": "",
                                    "bottom": "",
                                    "left": "",
                                    "isLinked": true
                                },
                                "align": "center",
                                "typography_text_transform": "capitalize",
                                "typography_font_style": "normal",
                                "typography_text_decoration": "none",
                                "typography_letter_spacing": {
                                    "unit": "px",
                                    "size": 0,
                                    "sizes": []
                                }
                            },
                            "elements": [],
                            "isInner": false,
                            "widgetType": "heading",
                            "elType": "widget"
                        },
                        {
                            "id": "75d0655d",
                            "settings": {
                                "text_color": "#7A7A7A",
                                "typography_typography": "custom",
                                "typography_font_family": "Muli",
                                "typography_font_size": {
                                    "unit": "px",
                                    "size": 16,
                                    "sizes": []
                                },
                                "typography_font_weight": "400",
                                "typography_line_height": {
                                    "unit": "em",
                                    "size": 1.5,
                                    "sizes": []
                                },
                                "editor": "<p>Ut elit tellus, luctus nec ullamcorper mattis, pulvinar dapibus leo.Lorem ipsum dolor sit amet, consectetur adipiscing elit. Ut elit tellus, luctus nec ullamcorper mattis, pulvinar dapibus leo.<\/p>",
                                "align": "center",
                                "_margin": {
                                    "unit": "px",
                                    "top": "0",
                                    "right": "20",
                                    "bottom": "0",
                                    "left": "20",
                                    "isLinked": false
                                },
                                "_margin_mobile": {
                                    "unit": "px",
                                    "top": "0",
                                    "right": "0",
                                    "bottom": "0",
                                    "left": "0",
                                    "isLinked": false
                                },
                                "typography_text_transform": "none",
                                "typography_font_style": "normal",
                                "typography_text_decoration": "none",
                                "typography_letter_spacing": {
                                    "unit": "px",
                                    "size": 0,
                                    "sizes": []
                                }
                            },
                            "elements": [],
                            "isInner": false,
                            "widgetType": "text-editor",
                            "elType": "widget"
                        },
                        {
                            "id": "418ab047",
                            "settings": {
                                "text": "Learn More",
                                "size": "md",
                                "border_radius": {
                                    "unit": "px",
                                    "top": "50",
                                    "right": "50",
                                    "bottom": "50",
                                    "left": "50",
                                    "isLinked": true
                                },
                                "typography_typography": "custom",
                                "typography_font_family": "Work Sans",
                                "typography_font_size": {
                                    "unit": "px",
                                    "size": 16,
                                    "sizes": []
                                },
                                "typography_font_weight": "600",
                                "background_color": "#1BC8B1",
                                "hover_animation": "shrink",
                                "align": "center",
                                "typography_text_transform": "capitalize",
                                "typography_font_style": "normal",
                                "typography_text_decoration": "none",
                                "typography_line_height": {
                                    "unit": "em",
                                    "size": 1.6,
                                    "sizes": []
                                },
                                "typography_letter_spacing": {
                                    "unit": "px",
                                    "size": 0,
                                    "sizes": []
                                }
                            },
                            "elements": [],
                            "isInner": false,
                            "widgetType": "button",
                            "elType": "widget"
                        }
                    ],
                    "isInner": false,
                    "elType": "column"
                },
                {
                    "id": "2e5654f2",
                    "settings": {
                        "_column_size": 33,
                        "_inline_size": 15.802,
                        "hide_mobile": "hidden-phone"
                    },
                    "elements": [],
                    "isInner": false,
                    "elType": "column"
                }
            ],
            "isInner": false,
            "elType": "section"
        }
    ]
}