{
    "version": "0.4",
    "title": "Support",
    "type": "page",
    "metadata": {
        "template_type": "single-page",
        "include_in_zip": "1",
        "wp_page_template": "elementor_canvas"
    },
    "content": [
        {
            "id": "37ef080f",
            "settings": {
                "height": "min-height",
                "background_background": "classic",
                "background_color": "#EDF9F7",
                "background_image": {
                    "url": "https:\/\/kit.themevan.com\/medisale\/wp-content\/uploads\/sites\/2\/2020\/02\/aid-ailment.jpg",
                    "id": 463
                },
                "background_position": "center center",
                "background_attachment": "fixed",
                "background_repeat": "no-repeat",
                "background_size": "cover",
                "background_overlay_background": "classic",
                "background_overlay_color": "#EDF9F7",
                "background_overlay_opacity": {
                    "unit": "px",
                    "size": 0.91,
                    "sizes": []
                },
                "gap": "wider",
                "custom_height": {
                    "unit": "px",
                    "size": 500,
                    "sizes": []
                },
                "custom_height_mobile": {
                    "unit": "px",
                    "size": 638,
                    "sizes": []
                },
                "column_position": "stretch",
                "content_position": "middle",
                "structure": "30"
            },
            "elements": [
                {
                    "id": "6ac54e77",
                    "settings": {
                        "_column_size": 33,
                        "_inline_size": 35.941,
                        "_inline_size_tablet": 40,
                        "background_position": "center left",
                        "background_attachment": "scroll",
                        "background_repeat": "no-repeat",
                        "background_size": "cover",
                        "margin": {
                            "unit": "px",
                            "top": "0",
                            "right": "0",
                            "bottom": "0",
                            "left": "0",
                            "isLinked": false
                        }
                    },
                    "elements": [
                        {
                            "id": "70727dc8",
                            "settings": {
                                "style": "slashes",
                                "width": {
                                    "unit": "%",
                                    "size": 20,
                                    "sizes": []
                                },
                                "text": "Divider",
                                "_animation": "fadeInDown",
                                "_animation_delay": 200,
                                "width_tablet": {
                                    "unit": "%",
                                    "size": 35,
                                    "sizes": []
                                }
                            },
                            "elements": [],
                            "isInner": false,
                            "widgetType": "divider",
                            "elType": "widget"
                        },
                        {
                            "id": "54106452",
                            "settings": {
                                "title": "Support Center",
                                "align": "left",
                                "title_color": "#000000",
                                "typography_typography": "custom",
                                "typography_font_family": "Work Sans",
                                "typography_font_size": {
                                    "unit": "em",
                                    "size": 2.7,
                                    "sizes": []
                                },
                                "typography_font_size_mobile": {
                                    "unit": "em",
                                    "size": 2.2,
                                    "sizes": []
                                },
                                "typography_font_weight": "600",
                                "typography_line_height": {
                                    "unit": "em",
                                    "size": 1.2,
                                    "sizes": []
                                },
                                "typography_line_height_mobile": {
                                    "unit": "em",
                                    "size": 1.2,
                                    "sizes": []
                                },
                                "typography_letter_spacing": {
                                    "unit": "px",
                                    "size": -2,
                                    "sizes": []
                                },
                                "typography_letter_spacing_mobile": {
                                    "unit": "px",
                                    "size": -1,
                                    "sizes": []
                                },
                                "_animation": "fadeInUp",
                                "header_size": "h1",
                                "typography_font_size_tablet": {
                                    "unit": "em",
                                    "size": 2.2,
                                    "sizes": []
                                },
                                "_margin": {
                                    "unit": "px",
                                    "top": "0",
                                    "right": "0",
                                    "bottom": "-10",
                                    "left": "0",
                                    "isLinked": false
                                },
                                "typography_text_transform": "capitalize",
                                "typography_font_style": "normal",
                                "typography_text_decoration": "none"
                            },
                            "elements": [],
                            "isInner": false,
                            "widgetType": "heading",
                            "elType": "widget"
                        },
                        {
                            "id": "332341d6",
                            "settings": {
                                "title": "We are always nearby whenever you need help.",
                                "align": "left",
                                "title_color": "#000000",
                                "typography_typography": "custom",
                                "typography_font_family": "Work Sans",
                                "typography_font_size": {
                                    "unit": "em",
                                    "size": 1.8,
                                    "sizes": []
                                },
                                "typography_font_size_mobile": {
                                    "unit": "em",
                                    "size": 1.5,
                                    "sizes": []
                                },
                                "typography_font_weight": "500",
                                "typography_line_height": {
                                    "unit": "em",
                                    "size": 1.2,
                                    "sizes": []
                                },
                                "typography_line_height_mobile": {
                                    "unit": "em",
                                    "size": 1.2,
                                    "sizes": []
                                },
                                "typography_letter_spacing": {
                                    "unit": "px",
                                    "size": -1,
                                    "sizes": []
                                },
                                "typography_letter_spacing_mobile": {
                                    "unit": "px",
                                    "size": -1,
                                    "sizes": []
                                },
                                "_animation": "fadeInUp",
                                "typography_font_size_tablet": {
                                    "unit": "em",
                                    "size": 1.5,
                                    "sizes": []
                                },
                                "typography_text_transform": "none",
                                "typography_font_style": "normal",
                                "typography_text_decoration": "none"
                            },
                            "elements": [],
                            "isInner": false,
                            "widgetType": "heading",
                            "elType": "widget"
                        }
                    ],
                    "isInner": false,
                    "elType": "column"
                },
                {
                    "id": "792223ec",
                    "settings": {
                        "_column_size": 33,
                        "_inline_size": 30.315,
                        "_inline_size_tablet": 40,
                        "padding_mobile": {
                            "unit": "px",
                            "top": "0",
                            "right": "30",
                            "bottom": "0",
                            "left": "30",
                            "isLinked": false
                        }
                    },
                    "elements": [
                        {
                            "id": "3afa5af3",
                            "settings": {
                                "align": "left",
                                "text_color": "#000000",
                                "typography_typography": "custom",
                                "typography_font_family": "Muli",
                                "typography_font_size": {
                                    "unit": "px",
                                    "size": 16,
                                    "sizes": []
                                },
                                "typography_line_height": {
                                    "unit": "em",
                                    "size": 1.5,
                                    "sizes": []
                                },
                                "_animation": "fadeInUp",
                                "_animation_delay": 300,
                                "editor": "<p>Lorem ipsum dolor sit amet, consectetur adipiscing elit. Ut elit tellus, luctus nec ullamcorper mattis, pulvinar dapibus leo.<\/p><p>Ut elit tellus, luctus nec ullamcorper mattis, pulvinar dapibus leo.<\/p>",
                                "_margin": {
                                    "unit": "px",
                                    "top": "120",
                                    "right": "0",
                                    "bottom": "0",
                                    "left": "0",
                                    "isLinked": false
                                },
                                "_margin_mobile": {
                                    "unit": "px",
                                    "top": "0",
                                    "right": "0",
                                    "bottom": "0",
                                    "left": "0",
                                    "isLinked": false
                                },
                                "typography_font_weight": "400",
                                "typography_text_transform": "none",
                                "typography_font_style": "normal",
                                "typography_text_decoration": "none",
                                "typography_letter_spacing": {
                                    "unit": "px",
                                    "size": 0,
                                    "sizes": []
                                }
                            },
                            "elements": [],
                            "isInner": false,
                            "widgetType": "text-editor",
                            "elType": "widget"
                        }
                    ],
                    "isInner": false,
                    "elType": "column"
                },
                {
                    "id": "32cdc54d",
                    "settings": {
                        "_column_size": 33,
                        "_inline_size": null,
                        "_inline_size_tablet": 20,
                        "hide_mobile": "hidden-phone"
                    },
                    "elements": [],
                    "isInner": false,
                    "elType": "column"
                }
            ],
            "isInner": false,
            "elType": "section"
        },
        {
            "id": "2f59039b",
            "settings": {
                "height": "min-height",
                "column_position": "stretch",
                "gap": "extended",
                "custom_height": {
                    "unit": "px",
                    "size": 200,
                    "sizes": []
                },
                "content_position": "middle",
                "structure": "30",
                "background_color": "#FFFFFF",
                "border_width": {
                    "unit": "px",
                    "top": "1",
                    "right": "0",
                    "bottom": "1",
                    "left": "0",
                    "isLinked": false
                },
                "border_color": "#DDDDDD",
                "margin": {
                    "unit": "px",
                    "top": "30",
                    "right": 0,
                    "bottom": "30",
                    "left": 0,
                    "isLinked": true
                }
            },
            "elements": [
                {
                    "id": "3b1cb4e6",
                    "settings": {
                        "_column_size": 33,
                        "_inline_size": null,
                        "background_background": "classic",
                        "background_color": "#FFFFFF",
                        "background_hover_background": "classic",
                        "background_hover_color": "#F9F9F9"
                    },
                    "elements": [
                        {
                            "id": "59c6ac1e",
                            "settings": {
                                "selected_icon": {
                                    "value": "fas fa-headphones-alt",
                                    "library": "fa-solid"
                                },
                                "view": "framed",
                                "title_text": "Presale Question",
                                "description_text": "Lorem ipsum dolor sit amet, consectetur adipiscing elit. Ut elit tellus, luctus nec ullamcorper mattis, pulvinar dapibus leo.",
                                "position": "left",
                                "title_size": "div",
                                "primary_color": "#000000",
                                "hover_primary_color": "#1BC8B1",
                                "icon_space": {
                                    "unit": "px",
                                    "size": 20,
                                    "sizes": []
                                },
                                "icon_size": {
                                    "unit": "px",
                                    "size": 24,
                                    "sizes": []
                                },
                                "border_width": {
                                    "unit": "px",
                                    "top": "1",
                                    "right": "1",
                                    "bottom": "1",
                                    "left": "1",
                                    "isLinked": true
                                },
                                "title_bottom_space": {
                                    "unit": "px",
                                    "size": 10,
                                    "sizes": []
                                },
                                "title_color": "#000000",
                                "title_typography_typography": "custom",
                                "title_typography_font_family": "Work Sans",
                                "title_typography_font_size": {
                                    "unit": "px",
                                    "size": 18,
                                    "sizes": []
                                },
                                "title_typography_font_weight": "600",
                                "title_typography_line_height": {
                                    "unit": "em",
                                    "size": 1.5,
                                    "sizes": []
                                },
                                "description_color": "#7A7A7A",
                                "description_typography_typography": "custom",
                                "description_typography_font_family": "Muli",
                                "description_typography_font_size": {
                                    "unit": "px",
                                    "size": 14,
                                    "sizes": []
                                },
                                "description_typography_font_weight": "400",
                                "description_typography_line_height": {
                                    "unit": "em",
                                    "size": 1.5,
                                    "sizes": []
                                },
                                "_margin": {
                                    "unit": "px",
                                    "top": "0",
                                    "right": "20",
                                    "bottom": "0",
                                    "left": "0",
                                    "isLinked": false
                                },
                                "icon_space_mobile": {
                                    "unit": "px",
                                    "size": 5,
                                    "sizes": []
                                },
                                "icon_size_tablet": {
                                    "unit": "px",
                                    "size": 18,
                                    "sizes": []
                                },
                                "title_typography_font_size_tablet": {
                                    "unit": "px",
                                    "size": 16,
                                    "sizes": []
                                },
                                "title_typography_line_height_tablet": {
                                    "unit": "em",
                                    "size": 1.5,
                                    "sizes": []
                                },
                                "_margin_mobile": {
                                    "unit": "px",
                                    "top": "0",
                                    "right": "0",
                                    "bottom": "0",
                                    "left": "0",
                                    "isLinked": false
                                },
                                "_animation": "fadeInUp",
                                "animation_duration": "fast",
                                "_animation_delay": 600,
                                "title_typography_text_transform": "capitalize",
                                "title_typography_font_style": "normal",
                                "title_typography_text_decoration": "none",
                                "title_typography_letter_spacing": {
                                    "unit": "px",
                                    "size": 0,
                                    "sizes": []
                                },
                                "description_typography_text_transform": "none",
                                "description_typography_font_style": "normal",
                                "description_typography_text_decoration": "none",
                                "description_typography_letter_spacing": {
                                    "unit": "px",
                                    "size": 0,
                                    "sizes": []
                                }
                            },
                            "elements": [],
                            "isInner": false,
                            "widgetType": "icon-box",
                            "elType": "widget"
                        },
                        {
                            "id": "1cef6367",
                            "settings": {
                                "icon_list": [
                                    {
                                        "text": "Start To Live Chat",
                                        "selected_icon": {
                                            "value": "far fa-comment-alt",
                                            "library": "fa-regular"
                                        },
                                        "_id": "f788927",
                                        "link": {
                                            "url": "#",
                                            "is_external": "on",
                                            "nofollow": "on",
                                            "custom_attributes": ""
                                        }
                                    },
                                    {
                                        "text": "+1 123 456 78",
                                        "selected_icon": {
                                            "value": "fas fa-phone-alt",
                                            "library": "fa-solid"
                                        },
                                        "link": {
                                            "url": "#",
                                            "is_external": "on",
                                            "nofollow": "on",
                                            "custom_attributes": ""
                                        },
                                        "_id": "b905c97"
                                    }
                                ],
                                "icon_align": "left",
                                "icon_color": "#E69B44",
                                "icon_color_hover": "#CC7611",
                                "icon_size": {
                                    "unit": "px",
                                    "size": 20,
                                    "sizes": []
                                },
                                "text_color": "#E69B44",
                                "text_color_hover": "#CC7611",
                                "icon_typography_typography": "custom",
                                "icon_typography_font_family": "Work Sans",
                                "icon_typography_font_size": {
                                    "unit": "px",
                                    "size": 14,
                                    "sizes": []
                                },
                                "icon_typography_font_weight": "400",
                                "icon_typography_line_height": {
                                    "unit": "em",
                                    "size": 1.5,
                                    "sizes": []
                                },
                                "space_between": {
                                    "unit": "px",
                                    "size": 13,
                                    "sizes": []
                                },
                                "space_between_mobile": {
                                    "unit": "px",
                                    "size": 19,
                                    "sizes": []
                                },
                                "icon_align_mobile": "center",
                                "divider": "yes",
                                "divider_color": "#F4F4F4",
                                "_margin": {
                                    "unit": "px",
                                    "top": "0",
                                    "right": "0",
                                    "bottom": "0",
                                    "left": "70",
                                    "isLinked": false
                                },
                                "_margin_tablet": {
                                    "unit": "px",
                                    "top": "0",
                                    "right": "0",
                                    "bottom": "0",
                                    "left": "56",
                                    "isLinked": false
                                },
                                "_margin_mobile": {
                                    "unit": "px",
                                    "top": "0",
                                    "right": "0",
                                    "bottom": "10",
                                    "left": "0",
                                    "isLinked": false
                                },
                                "icon_typography_text_transform": "none",
                                "icon_typography_font_style": "normal",
                                "icon_typography_text_decoration": "none",
                                "icon_typography_letter_spacing": {
                                    "unit": "px",
                                    "size": 0,
                                    "sizes": []
                                }
                            },
                            "elements": [],
                            "isInner": false,
                            "widgetType": "icon-list",
                            "elType": "widget"
                        }
                    ],
                    "isInner": false,
                    "elType": "column"
                },
                {
                    "id": "413856ed",
                    "settings": {
                        "_column_size": 33,
                        "_inline_size": null,
                        "border_width": {
                            "unit": "px",
                            "top": "0",
                            "right": "1",
                            "bottom": "0",
                            "left": "1",
                            "isLinked": false
                        },
                        "border_color": "#DDDDDD",
                        "background_background": "classic",
                        "background_color": "#1BC8B1",
                        "margin": {
                            "unit": "px",
                            "top": "-50",
                            "right": "0",
                            "bottom": "0",
                            "left": "0",
                            "isLinked": false
                        },
                        "margin_mobile": {
                            "unit": "px",
                            "top": "0",
                            "right": "0",
                            "bottom": "0",
                            "left": "0",
                            "isLinked": false
                        },
                        "animation": "fadeInUp",
                        "animation_duration": "fast",
                        "animation_delay": 1000
                    },
                    "elements": [
                        {
                            "id": "44e2fa74",
                            "settings": {
                                "selected_icon": {
                                    "value": "far fa-comments",
                                    "library": "fa-regular"
                                },
                                "view": "framed",
                                "title_text": "Technique Support",
                                "description_text": "Lorem ipsum dolor sit amet, consectetur adipiscing elit. luctus nec ullamcorper mattis.",
                                "position": "left",
                                "title_size": "div",
                                "primary_color": "#FFFFFF",
                                "hover_primary_color": "#1BC8B1",
                                "icon_space": {
                                    "unit": "px",
                                    "size": 20,
                                    "sizes": []
                                },
                                "icon_size": {
                                    "unit": "px",
                                    "size": 30,
                                    "sizes": []
                                },
                                "title_bottom_space": {
                                    "unit": "px",
                                    "size": 10,
                                    "sizes": []
                                },
                                "title_color": "#FFFFFF",
                                "title_typography_typography": "custom",
                                "title_typography_font_family": "Work Sans",
                                "title_typography_font_size": {
                                    "unit": "px",
                                    "size": 22,
                                    "sizes": []
                                },
                                "title_typography_font_weight": "600",
                                "title_typography_line_height": {
                                    "unit": "em",
                                    "size": 1.2,
                                    "sizes": []
                                },
                                "description_color": "#FFFFFF",
                                "description_typography_typography": "custom",
                                "description_typography_font_family": "Muli",
                                "description_typography_font_size": {
                                    "unit": "px",
                                    "size": 14,
                                    "sizes": []
                                },
                                "description_typography_font_weight": "400",
                                "description_typography_line_height": {
                                    "unit": "em",
                                    "size": 1.5,
                                    "sizes": []
                                },
                                "_padding": {
                                    "unit": "px",
                                    "top": "0",
                                    "right": "20",
                                    "bottom": "0",
                                    "left": "20",
                                    "isLinked": false
                                },
                                "_border_width": {
                                    "unit": "px",
                                    "top": "0",
                                    "right": "1",
                                    "bottom": "0",
                                    "left": "1",
                                    "isLinked": false
                                },
                                "_border_color": "#333333",
                                "icon_space_mobile": {
                                    "unit": "px",
                                    "size": 10,
                                    "sizes": []
                                },
                                "icon_size_tablet": {
                                    "unit": "px",
                                    "size": 21,
                                    "sizes": []
                                },
                                "title_typography_font_size_tablet": {
                                    "unit": "px",
                                    "size": 18,
                                    "sizes": []
                                },
                                "_margin_mobile": {
                                    "unit": "px",
                                    "top": "30",
                                    "right": "0",
                                    "bottom": "0",
                                    "left": "0",
                                    "isLinked": false
                                },
                                "_padding_tablet": {
                                    "unit": "px",
                                    "top": "0",
                                    "right": "0",
                                    "bottom": "0",
                                    "left": "0",
                                    "isLinked": false
                                },
                                "_animation": "none",
                                "_animation_delay": 900,
                                "title_typography_text_transform": "capitalize",
                                "title_typography_font_style": "normal",
                                "title_typography_text_decoration": "none",
                                "title_typography_letter_spacing": {
                                    "unit": "px",
                                    "size": 0,
                                    "sizes": []
                                }
                            },
                            "elements": [],
                            "isInner": false,
                            "widgetType": "icon-box",
                            "elType": "widget"
                        },
                        {
                            "id": "3fde08e3",
                            "settings": {
                                "text": "Open A Ticket",
                                "align_mobile": "center",
                                "size": "xs",
                                "typography_typography": "custom",
                                "typography_font_family": "Work Sans",
                                "typography_font_size": {
                                    "unit": "px",
                                    "size": 14,
                                    "sizes": []
                                },
                                "typography_line_height": {
                                    "unit": "em",
                                    "size": 1.5,
                                    "sizes": []
                                },
                                "button_text_color": "#000000",
                                "background_color": "#FFFFFF",
                                "hover_animation": "grow",
                                "border_radius": {
                                    "unit": "px",
                                    "top": "50",
                                    "right": "50",
                                    "bottom": "50",
                                    "left": "50",
                                    "isLinked": true
                                },
                                "_margin": {
                                    "unit": "px",
                                    "top": "0",
                                    "right": "0",
                                    "bottom": "0",
                                    "left": "105",
                                    "isLinked": false
                                },
                                "_margin_tablet": {
                                    "unit": "px",
                                    "top": "0",
                                    "right": "0",
                                    "bottom": "0",
                                    "left": "65",
                                    "isLinked": false
                                },
                                "_margin_mobile": {
                                    "unit": "px",
                                    "top": "0",
                                    "right": "0",
                                    "bottom": "20",
                                    "left": "0",
                                    "isLinked": false
                                },
                                "typography_font_weight": "600",
                                "typography_text_transform": "capitalize",
                                "typography_font_style": "normal",
                                "typography_text_decoration": "none",
                                "typography_letter_spacing": {
                                    "unit": "px",
                                    "size": 0,
                                    "sizes": []
                                }
                            },
                            "elements": [],
                            "isInner": false,
                            "widgetType": "button",
                            "elType": "widget"
                        }
                    ],
                    "isInner": false,
                    "elType": "column"
                },
                {
                    "id": "41cf6b90",
                    "settings": {
                        "_column_size": 33,
                        "_inline_size": null,
                        "background_hover_background": "classic",
                        "background_hover_color": "#F9F9F9"
                    },
                    "elements": [
                        {
                            "id": "cb57e26",
                            "settings": {
                                "selected_icon": {
                                    "value": "far fa-envelope",
                                    "library": "fa-regular"
                                },
                                "view": "framed",
                                "title_text": "Contact Us",
                                "description_text": "Lorem ipsum dolor sit amet, consectetur adipiscing elit. Ut elit tellus, luctus nec ullamcorper mattis, pulvinar dapibus leo.",
                                "position": "left",
                                "title_size": "div",
                                "primary_color": "#000000",
                                "hover_primary_color": "#1BC8B1",
                                "icon_space": {
                                    "unit": "px",
                                    "size": 20,
                                    "sizes": []
                                },
                                "icon_size": {
                                    "unit": "px",
                                    "size": 24,
                                    "sizes": []
                                },
                                "border_width": {
                                    "unit": "px",
                                    "top": "1",
                                    "right": "1",
                                    "bottom": "1",
                                    "left": "1",
                                    "isLinked": true
                                },
                                "title_bottom_space": {
                                    "unit": "px",
                                    "size": 10,
                                    "sizes": []
                                },
                                "title_color": "#000000",
                                "title_typography_typography": "custom",
                                "title_typography_font_family": "Work Sans",
                                "title_typography_font_size": {
                                    "unit": "px",
                                    "size": 18,
                                    "sizes": []
                                },
                                "title_typography_font_weight": "600",
                                "title_typography_line_height": {
                                    "unit": "em",
                                    "size": 1.5,
                                    "sizes": []
                                },
                                "description_color": "#7A7A7A",
                                "description_typography_typography": "custom",
                                "description_typography_font_family": "Muli",
                                "description_typography_font_size": {
                                    "unit": "px",
                                    "size": 14,
                                    "sizes": []
                                },
                                "description_typography_font_weight": "400",
                                "description_typography_line_height": {
                                    "unit": "em",
                                    "size": 1.5,
                                    "sizes": []
                                },
                                "_margin": {
                                    "unit": "px",
                                    "top": "0",
                                    "right": "20",
                                    "bottom": "0",
                                    "left": "0",
                                    "isLinked": false
                                },
                                "icon_space_mobile": {
                                    "unit": "px",
                                    "size": 5,
                                    "sizes": []
                                },
                                "icon_size_tablet": {
                                    "unit": "px",
                                    "size": 18,
                                    "sizes": []
                                },
                                "title_typography_font_size_tablet": {
                                    "unit": "px",
                                    "size": 16,
                                    "sizes": []
                                },
                                "title_typography_line_height_tablet": {
                                    "unit": "em",
                                    "size": 1.5,
                                    "sizes": []
                                },
                                "_margin_mobile": {
                                    "unit": "px",
                                    "top": "0",
                                    "right": "0",
                                    "bottom": "0",
                                    "left": "0",
                                    "isLinked": false
                                },
                                "_animation": "fadeInUp",
                                "animation_duration": "fast",
                                "_animation_delay": 600,
                                "title_typography_text_transform": "capitalize",
                                "title_typography_font_style": "normal",
                                "title_typography_text_decoration": "none",
                                "title_typography_letter_spacing": {
                                    "unit": "px",
                                    "size": 0,
                                    "sizes": []
                                },
                                "description_typography_text_transform": "none",
                                "description_typography_font_style": "normal",
                                "description_typography_text_decoration": "none",
                                "description_typography_letter_spacing": {
                                    "unit": "px",
                                    "size": 0,
                                    "sizes": []
                                }
                            },
                            "elements": [],
                            "isInner": false,
                            "widgetType": "icon-box",
                            "elType": "widget"
                        },
                        {
                            "id": "49dd67af",
                            "settings": {
                                "icon_list": [
                                    {
                                        "text": "Send Email",
                                        "selected_icon": {
                                            "value": "fas fa-envelope",
                                            "library": "fa-solid"
                                        },
                                        "_id": "f788927",
                                        "link": {
                                            "url": "#",
                                            "is_external": "on",
                                            "nofollow": "on",
                                            "custom_attributes": ""
                                        }
                                    }
                                ],
                                "icon_align": "left",
                                "icon_color": "#1BC8B1",
                                "icon_color_hover": "#CC7611",
                                "icon_size": {
                                    "unit": "px",
                                    "size": 20,
                                    "sizes": []
                                },
                                "text_color": "#1BC8B1",
                                "text_color_hover": "#CC7611",
                                "icon_typography_typography": "custom",
                                "icon_typography_font_family": "Work Sans",
                                "icon_typography_font_size": {
                                    "unit": "px",
                                    "size": 14,
                                    "sizes": []
                                },
                                "icon_typography_font_weight": "400",
                                "icon_typography_line_height": {
                                    "unit": "em",
                                    "size": 1.5,
                                    "sizes": []
                                },
                                "space_between": {
                                    "unit": "px",
                                    "size": 13,
                                    "sizes": []
                                },
                                "icon_align_mobile": "center",
                                "divider": "yes",
                                "divider_color": "#F4F4F4",
                                "_margin": {
                                    "unit": "px",
                                    "top": "0",
                                    "right": "0",
                                    "bottom": "0",
                                    "left": "70",
                                    "isLinked": false
                                },
                                "_margin_tablet": {
                                    "unit": "px",
                                    "top": "0",
                                    "right": "0",
                                    "bottom": "0",
                                    "left": "60",
                                    "isLinked": false
                                },
                                "_margin_mobile": {
                                    "unit": "px",
                                    "top": "0",
                                    "right": "0",
                                    "bottom": "0",
                                    "left": "0",
                                    "isLinked": false
                                },
                                "icon_typography_text_transform": "none",
                                "icon_typography_font_style": "normal",
                                "icon_typography_text_decoration": "none",
                                "icon_typography_letter_spacing": {
                                    "unit": "px",
                                    "size": 0,
                                    "sizes": []
                                }
                            },
                            "elements": [],
                            "isInner": false,
                            "widgetType": "icon-list",
                            "elType": "widget"
                        }
                    ],
                    "isInner": false,
                    "elType": "column"
                }
            ],
            "isInner": false,
            "elType": "section"
        },
        {
            "id": "5b4d8052",
            "settings": {
                "gap": "wider",
                "structure": "30",
                "padding": {
                    "unit": "px",
                    "top": "50",
                    "right": "0",
                    "bottom": "50",
                    "left": "0",
                    "isLinked": false
                },
                "padding_mobile": {
                    "unit": "px",
                    "top": "0",
                    "right": "01",
                    "bottom": "0",
                    "left": "10",
                    "isLinked": false
                }
            },
            "elements": [
                {
                    "id": "1b6349e6",
                    "settings": {
                        "_column_size": 33,
                        "_inline_size": 28.317,
                        "_inline_size_tablet": 30,
                        "z_index": 1
                    },
                    "elements": [
                        {
                            "id": "791efeaa",
                            "settings": {
                                "title": "Frequently Asked Questions",
                                "align": "right",
                                "title_color": "#000000",
                                "typography_typography": "custom",
                                "typography_font_family": "Work Sans",
                                "typography_font_size": {
                                    "unit": "em",
                                    "size": 2.5,
                                    "sizes": []
                                },
                                "typography_font_size_mobile": {
                                    "unit": "em",
                                    "size": 2,
                                    "sizes": []
                                },
                                "typography_font_weight": "500",
                                "typography_line_height": {
                                    "unit": "em",
                                    "size": 1.2,
                                    "sizes": []
                                },
                                "typography_line_height_mobile": {
                                    "unit": "em",
                                    "size": 1.2,
                                    "sizes": []
                                },
                                "typography_letter_spacing": {
                                    "unit": "px",
                                    "size": -2,
                                    "sizes": []
                                },
                                "typography_letter_spacing_mobile": {
                                    "unit": "px",
                                    "size": -1,
                                    "sizes": []
                                },
                                "_animation": "fadeInUp",
                                "align_mobile": "center",
                                "_margin": {
                                    "unit": "px",
                                    "top": "20",
                                    "right": "-40",
                                    "bottom": "0",
                                    "left": "0",
                                    "isLinked": false
                                },
                                "_margin_mobile": {
                                    "unit": "px",
                                    "top": "0",
                                    "right": "0",
                                    "bottom": "0",
                                    "left": "0",
                                    "isLinked": false
                                },
                                "typography_text_transform": "capitalize",
                                "typography_font_style": "normal",
                                "typography_text_decoration": "none"
                            },
                            "elements": [],
                            "isInner": false,
                            "widgetType": "heading",
                            "elType": "widget"
                        },
                        {
                            "id": "65fcafce",
                            "settings": {
                                "text": "More Questions",
                                "align": "right",
                                "size": "xs",
                                "typography_typography": "custom",
                                "typography_font_family": "Work Sans",
                                "typography_font_size": {
                                    "unit": "px",
                                    "size": 16,
                                    "sizes": []
                                },
                                "typography_font_weight": "500",
                                "typography_text_transform": "capitalize",
                                "typography_font_style": "normal",
                                "typography_text_decoration": "none",
                                "typography_line_height": {
                                    "unit": "em",
                                    "size": 1.5,
                                    "sizes": []
                                },
                                "typography_letter_spacing": {
                                    "unit": "px",
                                    "size": 0,
                                    "sizes": []
                                },
                                "button_text_color": "#1BC8B1",
                                "background_color": "rgba(2, 1, 1, 0)",
                                "hover_color": "#FFFFFF",
                                "button_background_hover_color": "#1BC8B1",
                                "border_border": "solid",
                                "border_width": {
                                    "unit": "px",
                                    "top": "1",
                                    "right": "1",
                                    "bottom": "1",
                                    "left": "1",
                                    "isLinked": true
                                },
                                "border_color": "#1BC8B1",
                                "_margin": {
                                    "unit": "px",
                                    "top": "20",
                                    "right": "-40",
                                    "bottom": "0",
                                    "left": "0",
                                    "isLinked": false
                                }
                            },
                            "elements": [],
                            "isInner": false,
                            "widgetType": "button",
                            "elType": "widget"
                        }
                    ],
                    "isInner": false,
                    "elType": "column"
                },
                {
                    "id": "230c7c8b",
                    "settings": {
                        "_column_size": 33,
                        "_inline_size": 59.406,
                        "_inline_size_tablet": 70,
                        "background_background": "classic",
                        "background_color": "#FFFBF7",
                        "margin": {
                            "unit": "px",
                            "top": "0",
                            "right": "0",
                            "bottom": "0",
                            "left": "-20",
                            "isLinked": false
                        },
                        "margin_mobile": {
                            "unit": "px",
                            "top": "0",
                            "right": "0",
                            "bottom": "0",
                            "left": "0",
                            "isLinked": false
                        },
                        "padding": {
                            "unit": "px",
                            "top": "50",
                            "right": "50",
                            "bottom": "50",
                            "left": "90",
                            "isLinked": false
                        },
                        "padding_mobile": {
                            "unit": "px",
                            "top": "30",
                            "right": "30",
                            "bottom": "30",
                            "left": "30",
                            "isLinked": true
                        }
                    },
                    "elements": [
                        {
                            "id": "43703648",
                            "settings": {
                                "tabs": [
                                    {
                                        "tab_title": "How much the shipping fee?",
                                        "tab_content": "<p>Lorem ipsum dolor sit amet, consectetur adipiscing elit. Ut elit tellus, luctus nec ullamcorper mattis, pulvinar dapibus leo.<\/p><ul><li>Lorem ipsum dolor sit amet<\/li><li>Consectetur adipiscing elit.<\/li><li>Ut elit tellus luctus nec ullamcorper mattis.<\/li><li>pulvinar dapibus leo.<\/li><\/ul>",
                                        "_id": "251f6c8"
                                    },
                                    {
                                        "tab_title": "How long the shipping time?",
                                        "tab_content": "<p>Lorem ipsum dolor sit amet, consectetur adipiscing elit. Ut elit tellus, luctus nec ullamcorper mattis, pulvinar dapibus leo.<\/p>",
                                        "_id": "6ada430"
                                    },
                                    {
                                        "tab_title": "Can I ask a refund if I can't get the support?",
                                        "tab_content": "<p>Lorem ipsum dolor sit amet, consectetur adipiscing elit. Ut elit tellus, luctus nec ullamcorper mattis, pulvinar dapibus leo.<\/p>",
                                        "_id": "3cbcb65"
                                    },
                                    {
                                        "tab_title": "Should I pay for the exchange fee?",
                                        "tab_content": "<p>Lorem ipsum dolor sit amet, consectetur adipiscing elit. Ut elit tellus, luctus nec ullamcorper mattis, pulvinar dapibus leo.<\/p>",
                                        "_id": "26975ee"
                                    },
                                    {
                                        "tab_title": "Is it friendly for old people using by themselves?",
                                        "tab_content": "<p>Lorem ipsum dolor sit amet, consectetur adipiscing elit. Ut elit tellus, luctus nec ullamcorper mattis, pulvinar dapibus leo.<\/p>",
                                        "_id": "3a89c98"
                                    },
                                    {
                                        "tab_title": "How long the life cycle?",
                                        "tab_content": "<p>Lorem ipsum dolor sit amet, consectetur adipiscing elit. Ut elit tellus, luctus nec ullamcorper mattis, pulvinar dapibus leo.<\/p>",
                                        "_id": "14ad5d8"
                                    },
                                    {
                                        "tab_title": "How much if we purchase more than 1000+?",
                                        "tab_content": "<p>Lorem ipsum dolor sit amet, consectetur adipiscing elit. Ut elit tellus, luctus nec ullamcorper mattis, pulvinar dapibus leo.<\/p>",
                                        "_id": "baced98"
                                    }
                                ],
                                "border_color": "rgba(255, 255, 255, 0)",
                                "tab_active_color": "#E69B44",
                                "title_typography_typography": "custom",
                                "title_typography_font_family": "Work Sans",
                                "title_typography_font_weight": "700",
                                "title_typography_line_height": {
                                    "unit": "em",
                                    "size": 1.5,
                                    "sizes": []
                                },
                                "title_padding": {
                                    "unit": "px",
                                    "top": "5",
                                    "right": "0",
                                    "bottom": "10",
                                    "left": "0",
                                    "isLinked": false
                                },
                                "icon_align": "right",
                                "content_color": "#2C2C2C",
                                "content_typography_typography": "custom",
                                "content_typography_font_family": "Muli",
                                "content_typography_font_size": {
                                    "unit": "px",
                                    "size": 14,
                                    "sizes": []
                                },
                                "content_padding": {
                                    "unit": "px",
                                    "top": "5",
                                    "right": "0",
                                    "bottom": "5",
                                    "left": "0",
                                    "isLinked": false
                                },
                                "_animation": "fadeInUp",
                                "_animation_delay": 700,
                                "border_width": {
                                    "unit": "px",
                                    "size": 1,
                                    "sizes": []
                                },
                                "title_typography_font_size": {
                                    "unit": "px",
                                    "size": 20,
                                    "sizes": []
                                },
                                "title_typography_font_size_mobile": {
                                    "unit": "px",
                                    "size": 16,
                                    "sizes": []
                                },
                                "content_typography_line_height": {
                                    "unit": "em",
                                    "size": 1.5,
                                    "sizes": []
                                },
                                "title_color": "#000000",
                                "title_typography_text_transform": "none",
                                "title_typography_font_style": "normal",
                                "title_typography_text_decoration": "none",
                                "title_typography_letter_spacing": {
                                    "unit": "px",
                                    "size": 0,
                                    "sizes": []
                                },
                                "content_typography_font_weight": "400",
                                "content_typography_text_transform": "none",
                                "content_typography_font_style": "normal",
                                "content_typography_text_decoration": "none",
                                "content_typography_letter_spacing": {
                                    "unit": "px",
                                    "size": 0,
                                    "sizes": []
                                }
                            },
                            "elements": [],
                            "isInner": false,
                            "widgetType": "accordion",
                            "elType": "widget"
                        }
                    ],
                    "isInner": false,
                    "elType": "column"
                },
                {
                    "id": "2d532560",
                    "settings": {
                        "_column_size": 33,
                        "_inline_size": 11.941,
                        "_inline_size_tablet": 100,
                        "hide_tablet": "hidden-tablet",
                        "hide_mobile": "hidden-phone"
                    },
                    "elements": [],
                    "isInner": false,
                    "elType": "column"
                }
            ],
            "isInner": false,
            "elType": "section"
        },
        {
            "id": "1323297",
            "settings": {
                "margin": {
                    "unit": "px",
                    "top": "",
                    "right": 0,
                    "bottom": "",
                    "left": 0,
                    "isLinked": true
                },
                "padding": {
                    "unit": "px",
                    "top": "0",
                    "right": "0",
                    "bottom": "50",
                    "left": "0",
                    "isLinked": false
                }
            },
            "elements": [
                {
                    "id": "3f58048f",
                    "settings": {
                        "_column_size": 100,
                        "_inline_size": null,
                        "animation_delay": 200
                    },
                    "elements": [
                        {
                            "id": "680b73ab",
                            "settings": {
                                "style": "zigzag",
                                "width": {
                                    "unit": "%",
                                    "size": 10,
                                    "sizes": []
                                },
                                "width_mobile": {
                                    "unit": "%",
                                    "size": 25,
                                    "sizes": []
                                },
                                "align": "center",
                                "text": "Divider",
                                "pattern_height": {
                                    "unit": "px",
                                    "size": 14.3,
                                    "sizes": []
                                },
                                "pattern_size": {
                                    "unit": "px",
                                    "size": 21,
                                    "sizes": []
                                },
                                "_animation": "fadeInUp"
                            },
                            "elements": [],
                            "isInner": false,
                            "widgetType": "divider",
                            "elType": "widget"
                        },
                        {
                            "id": "67611071",
                            "settings": {
                                "title": "Haven't Found Answer Yet?",
                                "align": "center",
                                "title_color": "#000000",
                                "typography_typography": "custom",
                                "typography_font_family": "Work Sans",
                                "typography_font_size": {
                                    "unit": "em",
                                    "size": 2,
                                    "sizes": []
                                },
                                "typography_font_size_mobile": {
                                    "unit": "em",
                                    "size": 2,
                                    "sizes": []
                                },
                                "typography_font_weight": "500",
                                "typography_line_height": {
                                    "unit": "em",
                                    "size": 1.2,
                                    "sizes": []
                                },
                                "typography_line_height_mobile": {
                                    "unit": "em",
                                    "size": 1.2,
                                    "sizes": []
                                },
                                "typography_letter_spacing": {
                                    "unit": "px",
                                    "size": -1,
                                    "sizes": []
                                },
                                "typography_letter_spacing_mobile": {
                                    "unit": "px",
                                    "size": -1,
                                    "sizes": []
                                },
                                "_animation": "fadeInUp",
                                "align_mobile": "center",
                                "_margin": {
                                    "unit": "px",
                                    "top": "0",
                                    "right": "0",
                                    "bottom": "-10",
                                    "left": "0",
                                    "isLinked": false
                                },
                                "_margin_mobile": {
                                    "unit": "px",
                                    "top": "0",
                                    "right": "0",
                                    "bottom": "0",
                                    "left": "0",
                                    "isLinked": false
                                },
                                "typography_text_transform": "capitalize",
                                "typography_font_style": "normal",
                                "typography_text_decoration": "none"
                            },
                            "elements": [],
                            "isInner": false,
                            "widgetType": "heading",
                            "elType": "widget"
                        },
                        {
                            "id": "189aac5c",
                            "settings": {
                                "structure": "30"
                            },
                            "elements": [
                                {
                                    "id": "27860675",
                                    "settings": {
                                        "_column_size": 33,
                                        "_inline_size": 24.747,
                                        "hide_mobile": "hidden-phone"
                                    },
                                    "elements": [],
                                    "isInner": true,
                                    "elType": "column"
                                },
                                {
                                    "id": "2838ea76",
                                    "settings": {
                                        "_column_size": 33,
                                        "_inline_size": 53.131
                                    },
                                    "elements": [
                                        {
                                            "id": "5fcc77f9",
                                            "settings": {
                                                "align": "center",
                                                "text_color": "#7A7A7A",
                                                "typography_typography": "custom",
                                                "typography_font_family": "Muli",
                                                "typography_font_size": {
                                                    "unit": "px",
                                                    "size": 16,
                                                    "sizes": []
                                                },
                                                "typography_line_height": {
                                                    "unit": "em",
                                                    "size": 1.5,
                                                    "sizes": []
                                                },
                                                "_animation": "fadeInUp",
                                                "_animation_delay": 300,
                                                "typography_font_weight": "400",
                                                "typography_text_transform": "none",
                                                "typography_font_style": "normal",
                                                "typography_text_decoration": "none",
                                                "typography_letter_spacing": {
                                                    "unit": "px",
                                                    "size": 0,
                                                    "sizes": []
                                                }
                                            },
                                            "elements": [],
                                            "isInner": false,
                                            "widgetType": "text-editor",
                                            "elType": "widget"
                                        }
                                    ],
                                    "isInner": true,
                                    "elType": "column"
                                },
                                {
                                    "id": "2057bebe",
                                    "settings": {
                                        "_column_size": 33,
                                        "_inline_size": 21.753,
                                        "hide_mobile": "hidden-phone"
                                    },
                                    "elements": [],
                                    "isInner": true,
                                    "elType": "column"
                                }
                            ],
                            "isInner": true,
                            "elType": "section"
                        },
                        {
                            "id": "5523e546",
                            "settings": {
                                "text": "Open A Ticket",
                                "align": "center",
                                "size": "md",
                                "selected_icon": {
                                    "value": "fas fa-arrow-right",
                                    "library": "fa-solid"
                                },
                                "icon_align": "right",
                                "icon_indent": {
                                    "unit": "px",
                                    "size": 16,
                                    "sizes": []
                                },
                                "typography_typography": "custom",
                                "typography_font_family": "Work Sans",
                                "typography_font_size": {
                                    "unit": "px",
                                    "size": 18,
                                    "sizes": []
                                },
                                "typography_font_weight": "500",
                                "typography_line_height": {
                                    "unit": "em",
                                    "size": 1.5,
                                    "sizes": []
                                },
                                "button_text_color": "#FFFFFF",
                                "background_color": "#1BC8B1",
                                "hover_animation": "grow",
                                "border_radius": {
                                    "unit": "px",
                                    "top": "50",
                                    "right": "50",
                                    "bottom": "50",
                                    "left": "50",
                                    "isLinked": true
                                },
                                "_margin": {
                                    "unit": "px",
                                    "top": "20",
                                    "right": "0",
                                    "bottom": "0",
                                    "left": "0",
                                    "isLinked": false
                                },
                                "_animation": "fadeInUp",
                                "_animation_delay": 600,
                                "typography_text_transform": "capitalize",
                                "typography_font_style": "normal",
                                "typography_text_decoration": "none",
                                "typography_letter_spacing": {
                                    "unit": "px",
                                    "size": 0,
                                    "sizes": []
                                }
                            },
                            "elements": [],
                            "isInner": false,
                            "widgetType": "button",
                            "elType": "widget"
                        }
                    ],
                    "isInner": false,
                    "elType": "column"
                }
            ],
            "isInner": false,
            "elType": "section"
        }
    ]
}